0,0,0
0,0,0
0,0,0
-0.46630197454844047,0.30668760673234835,1.1964720000000033
-0.46623597650514065,0.30664419970631501,1.1966450216450251
-0.46604186666666864,0.30651653333333462,1.1963160000000055
-0.4660699424890743,0.30653499884978236,1.1942320000000071
-0.46505715047619284,0.30586888380952537,1.193832000000006
-0.46481246828862549,0.30570795591599087,1.1937040000000072
-0.46484126026272654,0.30572689244663431,1.1933965517241421
-0.46630362666666819,0.30668869333333437,1.1970800000000037
-0.46495364940736267,0.30580081097941458,1.1963013100436735
-0.46639088000000128,0.30674608000000081,1.1935920000000058
-0.46864106557377111,0.30672614754098404,1.1936363636363623
-0.46457049913941545,0.30554881239242732,1.1966240000000046
-0.46521031937273116,0.30596962325492583,1.1948560000000035
-0.46743617142857335,0.30593754285714408,1.1936034482758631
-0.4650125164203614,0.30583952791461416,1.1940434782608691
-0.43935173333333266,0.31382266666666619,1.1989639999999993
-0.38818276571428573,0.32634834285714287,1.2024979919678722
-0.35966157635468016,0.32997522402064305,1.2001168831168827
-0.34653849390919128,0.33052681432262798,1.2011881918819183
-0.28772853908355789,0.33358169272237181,1.2050830039525664
-0.23488417607592865,0.33112939944362629,1.2029246575342467
-0.17600508293205067,0.33219502407704926,1.1965577557755753
-0.10276450638792167,0.31753077816492653,1.1954337748344359
-0.039856578947368493,0.29721620300751933,1.1995081967213184
0.010420074626865644,0.28365758706467586,1.2108710801393687
0.078905633640552905,0.25043961981566792,1.210092465753426
0.12210337894544786,0.22937176792556094,1.2004107744107733
0.15010858757062157,0.21105493139628745,1.1879596273291924
0.17516860744297694,0.19551076830732261,1.1873288888888862
0.20511178571428534,0.17111535714285683,1.1890574162679375
0.21397397260273893,0.16415992607088437,1.2020631970260192
0.27692834138486322,0.11416229583620892,1.1867186147186151
0.31635399922570789,0.073177971351142401,1.1827021276595788
0.34500827963525882,0.037085580547112515,1.1791004566210002
0.36235279378704249,0.016827529123237268,1.1778132780082986
0.34504201058201017,0.03933703703703699,1.1804150197628511
0.31224683673469505,0.075525408163265584,1.1856801619433208
0.27922016806722716,0.10965326438267625,1.1867760617760619
0.25217285481997648,0.13230593728222981,1.1933333333333289
0.22284925876010736,0.16113715633423151,1.2063590604026784
0.18717761357416515,0.18490879401569044,1.2101743421052564
0.13452580808080822,0.21818051226551249,1.2163135888501679
0.08557711038961012,0.24760310606060529,1.1898836363636338
0.028688636828121793,0.27426336807684432,1.2114257425742621
-0.040585375494071374,0.3003317786561282,1.2082410423452838
-0.099737291005291079,0.31296874074074094,1.2120836120401355
-0.15401717902350837,0.32286564195298423,1.1981582491582465
-0.22828421568627424,0.33152833333333293,1.2038483870967729
-0.2904126379440658,0.33403192743764087,1.2049523809523783
-0.32182908652955328,0.33099148045210286,1.2018076923076928
-0.32407825327510897,0.33094917030567667,1.2027037037037034
-0.34638190476190472,0.33037746031746029,1.2005593869731799
-0.43954093333333261,0.31395780952380903,1.1963111111111155
-0.50100931034482821,0.2965157142857146,1.189413793103451
-0.51212946264744408,0.29054585408475297,1.1865399061032873
-0.49708576882735556,0.29553390811831387,1.1894380952380974
-0.47328427900737641,0.30303813547954311,1.193640000000004
-0.46926022988505772,0.30564407224958967,1.1912857142857105
-0.43540797255146541,0.31655645248492364,1.1994890829694316
-0.39171552538370707,0.32813271546635181,1.1878888888888863
-0.39747747211896023,0.35439048327137651,1.1277240143369176
-0.41349876750700304,0.36485185368264977,1.1080383275261356
-0.4210006896551724,0.36191287356321838,1.1079241379310349
-0.41688656898656717,0.36200529914529755,1.1091933085501824
-0.41886018454440499,0.36399688581314787,1.1037887323943647
-0.42169165487977406,0.37901442715700173,1.0590909090909091
-0.42428654683065287,0.392638133081047,1.0295958083832366
-0.42217849350649539,0.39083345454545632,1.028754491017968
-0.42015094076655252,0.39076975609756287,1.0281796407185682
-0.42192514824797794,0.39693641509433913,1.0014836065573818
-0.42844253281853051,0.41164086486486268,0.96546762589928559
-0.42580537061994372,0.413148735399818,0.94973051224943295
-0.42468826405867632,0.41382203981836907,0.95060232558138724
-0.42483998401278672,0.41396987781203309,0.95058974358973625
-0.42359064375861671,0.41270608760207839,0.95413013698630211
-0.42412226250906321,0.41135299008943549,0.95799746192893243
-0.4231132469713359,0.41214702890728405,0.95925059101655485
-0.42190943355896465,0.41092697541860113,0.96111600928075513
-0.42321522845087511,0.41036270524412405,0.96516389548694315
-0.42318674802584416,0.40849913854989295,0.96338366336633896
-0.42392915769323164,0.40921578128739278,0.96577909738718271
-0.42326769358178024,0.41579276742581062,0.98718258426966499
-0.42078134078212137,0.41696472998137651,1.001902631578943
-0.42256671592774953,0.41684346469622247,1.0018815028901698
-0.42213656423034224,0.41641913898117283,1.002186440677961
-0.42361645887446114,0.42361645887446114,1.0281963746223617
-0.42114137634408294,0.42311393548386789,1.033299999999997
-0.42220614412136509,0.42220614412136509,1.0331474926253681
-0.42228634441087592,0.42228634441087592,1.0334622356495424
-0.42229128182995229,0.42229128182995229,1.0329115044247787
-0.42079562211981525,0.42079562211981525,1.0297838709677412
-0.42933792105632818,0.41951325467059986,1.0315199999999916
-0.4517565577766926,0.41435623273199912,1.0331981981981921
-0.45726876513317222,0.41400032284100102,1.0331475409836011
-0.45115848301535438,0.41380767178532502,1.0318966565349483
-0.41858235988200687,0.42250350611040971,1.0295740181268893
-0.39190826498422721,0.42726840919333042,1.0315718309859057
-0.35492245039682269,0.42767663690475866,1.0330388349514474
-0.33406415164123593,0.42669550932346656,1.0342618384401048
-0.29717113043478383,0.42156834782608871,1.035073684210519
-0.26840801790801844,0.41499247049247129,1.0427379518072253
-0.26928412905227145,0.41634704823948976,1.0424551083591298
-0.2711031097560973,0.41410255226480797,1.0432948328267462
-0.26912272977275936,0.41609750470400803,1.0416646525679727
-0.27848710250201769,0.41723512510088778,1.0434830769230756
-0.31876933333333335,0.42535474509803928,1.0361440677966092
-0.35286355279502829,0.42756447204968606,1.032321739130426
-0.38037808245445548,0.42755675934803139,1.0318020134228125
-0.40525056638811519,0.42291281867621711,1.0297709497206697
-0.43304137724550706,0.41929403193612591,1.0313652694610749
-0.47451815388912194,0.40743450635386147,1.0373015384615336
-0.49350835978835772,0.39856486772486605,1.038787878787875
-0.50807159500693155,0.39318601017105625,1.0396990291262065
-0.52658485157699209,0.37783206864563834,1.0426143344709931
-0.53139875850340101,0.37446230272108821,1.0438788927335647
-0.5309651222651216,0.37614164736164685,1.0423366336633648
-0.55334652014651864,0.3579304517704508,1.0476776556776537
-0.56299449119373912,0.35499652641878754,1.0497860082304498
-0.54761957792207638,0.36807217532467434,1.0447245901639295
-0.53728378104730423,0.37242406264831623,1.0427309090909103
-0.50861681632652789,0.39162503401360338,1.0394660194174665
-0.47947190019777752,0.40631536284801351,1.0376048632218835
-0.45448970493718738,0.41505458954133601,1.0332604790419095
-0.42156008554319913,0.42156008554319913,1.0327017045454538
-0.38872696390657946,0.42612348195328842,1.0324416403785397
-0.35711660929431738,0.42598207114170644,1.0338372093023183
-0.32030925092099888,0.42477934506754,1.036563253012051
-0.29736132013201078,0.41986232909004834,1.0388567493112952
-0.26156827506833552,0.41274081427132792,1.0445921450151039
-0.2446881619937703,0.40648196706720213,1.047446991404015
-0.21959117810760664,0.39606628014842293,1.0532252252252248
-0.17677577937649919,0.36870376841384117,1.0610983606557391
-0.15697701947175627,0.3554769924812029,1.0650381944444405
-0.13386901457725967,0.33007398250728914,1.074296577946771
-0.12235169398907146,0.3177031381733032,1.0761428571428597
-0.089899999999999994,0.23456666666666665,1.3276666666666668
-0.077060424169667976,0.23540376150460218,1.1072067307692328
-0.068627240590559316,0.2185513661883966,1.1073797909407643
-0.060745714285714521,0.19289428571428649,1.1135129032258126
-0.056882699105843253,0.16206202952796853,1.126356209150327
-0.056594688013136524,0.16551276683087096,1.1215408163265304
-0.055134273291925398,0.13945727950310541,1.1329376854599369
-0.055223846153846061,0.12885564102564082,1.1373784722222127
-0.055214262485481787,0.13099854432829991,1.1363114754098285
-0.057592435978835829,0.11409822222222192,1.1397896440129363
-0.057835100133511265,0.097119319092122694,1.145702702702698
-0.059999164578111844,0.099271345029239594,1.1447880794701939
-0.057868257050392884,0.097174997688395603,1.1458973384030364
-0.057825422349844419,0.099285159128978145,1.1446363636363617
-0.057803089947089874,0.10142806349206336,1.1440299999999983
-0.057808488095238073,0.10143753571428568,1.1448731884057948
-0.057819475561149511,0.099274948604992558,1.145355072463764
-0.057813858201058159,0.10144695873015865,1.1450144404332114
-0.057834672619047615,0.097118601190476189,1.1447686832740172
-0.064875233581584299,0.069273554502369661,1.1542419928825631
-0.064917577533577547,0.071519365079365099,1.1539304029304067
-0.064812049689441154,0.071403105590062299,1.1536096654275074
-0.060147642276422747,0.086393886178861776,1.1493707482993203
-0.057865994897959051,0.097171198979591616,1.1461302681992285
-0.05785061281896714,0.097145368696001419,1.146274074074068
-0.055131291428571386,0.13296370285714276,1.1345278688524547
-0.056786515495086863,0.16178799697656823,1.124338762214981
-0.060643736263736377,0.18405905918642798,1.1163949275362333
-0.072886911196911097,0.22711138996138963,1.1072386363636362
-0.081395925925925885,0.237845238095238,1.1051447368421046
-0.11980391534391532,0.31912370370370363,1.0830384615384601
-0.12465607097591926,0.31833657794676901,1.082616858237551
-0.14973616000000015,0.34530992000000027,1.0683584229390657
-0.15747728516694023,0.35457788724685257,1.0667147766322989
-0.18930826639552645,0.3776041891204886,1.0610405405405405
-0.24376911428571471,0.40628185714285786,1.0492156250000055
-0.27799287016934332,0.41748750036184529,1.0448643533123005
-0.31372347204347256,0.42456583440583517,1.0384081632653086
-0.3576245918367329,0.42855839517625016,1.0329506578947294
-0.35719513190641922,0.42804375311099818,1.0330961538461467
-0.39008416088765346,0.42742219140082932,1.0318211143694922
-0.39231926470588296,0.42574997899159733,1.032424242424244
-0.38995952807391682,0.42728562899786854,1.0313719512195136
-0.38652271155595896,0.42783048225659581,1.0325414012738836
-0.38819954783100163,0.42751089444679929,1.031896142433234
-0.38416308571428359,0.42739371428571193,1.0313980582524271
-0.38626667638483708,0.42754708454810203,1.0316913946587445
-0.38414035087719023,0.42736842105262851,1.0310909090909026
-0.3508140131578924,0.42942779761904476,1.0317960526315721
-0.29579769076304946,0.43337801204818877,1.031897590361436
-0.26121209109730831,0.43469634782608663,1.0353286118980209
-0.25704611059907762,0.43431929032257943,1.0346732394366189
-0.20612202708606467,0.43295487986020287,1.0353872679045142
-0.15270741200828158,0.4265955445134576,1.0358080808080867
-0.11156456542502369,0.42157583572110718,1.0362342569269554
-0.052167531135530715,0.40651302564102237,1.0336868421052592
-0.044336829066886851,0.40494303881089988,1.0353044692737472
-0.06215944615384638,0.4094630183150198,1.0362434782608734
-0.078806754535147044,0.41797506519274191,1.0464748010610023
-0.088917033567526171,0.38600453395784889,1.1097037037037067
-0.087402588352413491,0.3744283723245368,1.1366159169550172
-0.0853529334011177,0.37706549059481115,1.1331438596491148
-0.087288369510347893,0.38040486959447911,1.1311911262798615
-0.089425622857142992,0.38032825142857207,1.13080902777778
-0.091506371329019426,0.38217366849178697,1.1282605863192179
-0.090932572751322965,0.38405639550264636,1.122980519480522
-0.090809738756614022,0.38567430224867832,1.1234362416107389
-0.090817556346381959,0.38843653618030843,1.1494515050167244
-0.090842194178024596,0.38635294632340578,1.1492131147541005
-0.090817694962042644,0.38843712905451977,1.1485311475409836
-0.090696943164362179,0.38792066052227192,1.1479999999999999
-0.092614199134199646,0.38216663780663995,1.1219421221864965
-0.09197896103896129,0.39011766233766337,1.1101111111111122
-0.092177689969604876,0.388841519756839,1.1126821192052965
-0.094215514694326707,0.38850667295301011,1.1125868852458984
-0.092195822014051243,0.38891800780640012,1.112197411003236
-0.093395632515633029,0.40821237133237354,1.0934095238095278
-0.091601750154606781,0.42301482374767851,1.0752516778523566
-0.090527923064992036,0.42619325577788386,1.0688196721311558
-0.091001536796536345,0.41819807359307154,1.07828338762215
-0.092721845030695652,0.39901647917703859,1.1025753846153805
-0.09457498349835021,0.37936257425742725,1.1196510903426775
-0.095466305916305894,0.37006601731601718,1.1303344262295114
-0.095960202966431873,0.36766774395003671,1.1320429042904234
-0.096014395003902506,0.36571775175643767,1.1329935064934973
-0.095837455061495255,0.34038820245979351,1.1602362459546909
-0.096876516373991889,0.31958115171650203,1.1707861635220163
-0.10005408253968326,0.30915587301587522,1.1786987951807286
-0.10138914434523821,0.27682654017857178,1.1943794326241164
-0.10486933333333356,0.2708164102564109,1.2075220125786179
-0.10477400000000033,0.27287294505494591,1.2048547297297296
-0.10203644590403224,0.271715030103996,1.1966430976430946
-0.10375618257261414,0.27250250148192068,1.1973285714285713
-0.10203164341831014,0.27628793330126683,1.2034416403785457
-0.10171999358666051,0.27772987012987083,1.1941545741324919
-0.10147327232672498,0.27705623792577716,1.1980676156583676
-0.10185967802067515,0.27811125571937145,1.1924875444839931
-0.10187837993560479,0.28045172004745139,1.1928333333333367
-0.10131861979166723,0.27891080729166823,1.2035967213114793
-0.10656349082823836,0.28302346488790192,1.1948711864406785
-0.1432104728012201,0.28756662938484995,1.1982176656151393
-0.16799750000000024,0.29142423469387796,1.1968417508417493
-0.17234952380952329,0.29105383159886378,1.1963550488599319
-0.16296059777102406,0.29059407294832962,1.1957384105960258
-0.15880769936890493,0.29133786574871046,1.1970251572327109
-0.16120874264312554,0.29154772605671642,1.1960986842105275
-0.18816599999999967,0.2953635999999995,1.1983323262839838
-0.22240839650145774,0.30224730806608363,1.1942682926829333
-0.23535109799291692,0.30356880755608123,1.1938058608058655
-0.22851454031117405,0.30127538896746825,1.1942800000000031
-0.22655453221288605,0.30169322128851661,1.1955817490494329
-0.20839761142857183,0.29950039238095294,1.1955363321799302
-0.18778638583638652,0.29476772079772184,1.1938849557522169
-0.15258791666666788,0.29255578007519029,1.1987039473684298
-0.13309442021083304,0.29280772446383263,1.2042641509434038
-0.1133500000000007,0.28509242424242598,1.2024609929078096
-0.1110908123249307,0.28517126050420355,1.2032369942196619
-0.11537390202124062,0.28672128126070684,1.2014823529411784
-0.11478852073148715,0.28526652181785422,1.1931916932907372
-0.11722151297977428,0.28565630832935285,1.1936300940438895
-0.1176576158301163,0.28671904440154555,1.1935626740947076
-0.12089934853420248,0.28900701411509355,1.1979582089552285
-0.11952616033755319,0.28572444042596046,1.1943979933110409
-0.1217545743145748,0.28561119769119886,1.1947892720306554
-0.12211767983789303,0.28646296859169296,1.1995953177257548
-0.121745894465895,0.28559083655083783,1.2023277027027057
-0.12287799054373606,0.28824650118203504,1.1969968652037655
-0.12176186651367407,0.2856283036909551,1.1945444839857673
-0.11841282155566923,0.28855940010167941,1.2012622950819711
-0.076832957746479122,0.2763692957746488,1.2176234567901274
-0.039496713615023396,0.26293526492287006,1.1998950819672076
-0.028375633232016171,0.25992080040526816,1.1932558139534857
-0.037656507936507863,0.26359555555555503,1.2112087227414328
-0.046709498652290939,0.26772517520215539,1.1933811074918537
-0.014927135905457065,0.26065075773375029,1.2003672316384111
0.035400403836446145,0.23866723876829818,1.1916420118343145
0.055312520325203104,0.22689421602787396,1.1858979591836734
0.092438281647178461,0.21112447042874091,1.1929499999999973
0.11834756554307137,0.19273746388443053,1.1837766666666663
0.12505141802846642,0.18814042171850356,1.1824712643678186
0.11613112832929784,0.19505519612590805,1.1832000000000005
0.16107473684210577,0.16558032388664018,1.1843856209150299
0.17493335261230009,0.15687571621361104,1.1841328671328655
0.19255366683857614,0.14697883445074747,1.1854222873900282
0.17960470792365565,0.15475374204742659,1.1845186721991761
0.16590955631399318,0.16365228343897287,1.1834369747899207
0.16794395260451672,0.16118110887547582,1.1839502262443489
0.2088570131554566,0.12983003520474329,1.1986784660766898
0.25810340930146425,0.086785862516212869,1.1824918918918921
0.27800803513638506,0.066406777623670921,1.182092682926831
0.27357736668861143,0.070927465437788162,1.1820588235294138
0.26458761904761935,0.079939238095238174,1.1833423423423475
0.25601807506053381,0.089098801452784884,1.182921397379918
0.25588683344305574,0.089053127057274903,1.1832488479262733
0.25369346938775605,0.08907459591836768,1.1842952380952416
0.25591851257356973,0.089064151952916351,1.18425358851675
0.25588135674381596,0.08905122106943375,1.1839023255813999
0.25584767099567213,0.089039497835498221,1.1838173913043508
0.25357021791767664,0.091285278450363591,1.1835688073394546
0.24896834529245618,0.093503948684497115,1.1831145374449392
0.24891679653679652,0.093484588744588731,1.1833891402714989
0.2485712266666667,0.081329756190476193,1.2070566037735799
0.22500894648124706,0.064793152128107795,1.2409389671361515
0.22697364705882297,0.054041344537814999,1.258220930232556
0.22614061157796528,0.058015130718954436,1.2421989528795854
0.23135716608594745,0.066940905923345201,1.2687831325301162
0.25328458049886599,0.095685285966238265,1.1755699481865294
0.25152762430939224,0.097257348066298321,1.1767914691943171
0.25258281573498909,0.095420174833218102,1.178894736842103
0.25801875000000118,0.10387767857142904,1.1607031250000051
0.26401988571428575,0.11190966349206349,1.1426101694915225
0.25561411255411309,0.11080268398268421,1.1528749999999985
0.24478107905231111,0.1196463570255691,1.1519322033898307
0.23861653846153952,0.12425653846153899,1.1543604060913748
0.24068170244263562,0.12198935603256873,1.1540275229357819
0.23870818481848113,0.12210418670438436,1.1554695652173879
0.24079624365482161,0.11984835871404363,1.1546387665198197
0.2414309090909092,0.117959393939394,1.1578648648648688
0.24104929323308202,0.11777294235588939,1.1558712871287109
0.24135864960909734,0.11792408907841741,1.1550756756756715
0.24306702216370313,0.11548433179723451,1.1548936170212727
0.24323478770818605,0.11556403940886667,1.1558272251308856
0.24333152380952361,0.11560999999999991,1.1555399999999962
0.24316980617372477,0.11773379755922422,1.1550497512437763
0.24520854408749057,0.11765611756664346,1.1547931034482715
0.26304722878625098,0.13643528464017166,1.1422989323843367
0.27036675996112813,0.14972501846452912,1.1312696245733806
0.28530857142857263,0.16776571428571499,1.1166082089552256
0.29901127221037771,0.18520075337597786,1.0886645367412138
0.30678463157894964,0.19670908270676835,1.0720037453183533
0.31012341696535262,0.19827562724014347,1.069145962732919
0.31060873851294979,0.20062269340016761,1.0673505154639185
0.32589440521455876,0.22277557848995208,1.0240670926517537
0.33481681624811344,0.23312460271716781,1.0057843137254849
0.33650791500663862,0.23927333333333231,1.0006486486486457
0.33970004926108371,0.26296339901477833,0.98222751322751811
0.33922897959183673,0.27671523809523807,0.9646595744680857
0.33922897959183673,0.27671523809523807,0.9646595744680857
0.33922897959183673,0.27671523809523807,0.9646595744680857
0.33621693877551034,0.27575285714285724,0.96198181818181838
0.33744746945898918,0.25097068062827327,0.98696680497925826
0.33836388615216201,0.24976721401204155,0.98941296928327649
0.33270994169096224,0.2354709329446065,1.0091103678929705
0.32684633497536941,0.22084211822660096,1.0347965616045811
0.32381762057877722,0.21686868167202508,1.0422161383285247
0.32403670995670858,0.21701541125541035,1.0408282828282789
0.32225509110396466,0.21715035369774849,1.0424949494949467
0.32212540218790087,0.21904527348777258,1.040881355932199
0.32220621994726123,0.21711742205676987,1.0407517482517439
0.32205952380952241,0.21900047619047525,1.0400720720720691
0.32201516530178864,0.21897031240521625,1.0413252595155666
0.3219454064454052,0.21892287638287553,1.0384736842105278
0.32328791461412204,0.21849122058018647,1.0383978873239459
0.32327941148552497,0.21848547381743427,1.038336842105265
0.3231842135642129,0.22039779701779655,1.0371588447653426
0.32305192149703316,0.22030757949186056,1.0370000000000006
0.32288222222222152,0.22019185185185139,1.0366283783783767
0.30516841817186602,0.2375741105637654,1.0408724832214724
0.28133156368429685,0.25548484758609286,1.0414274809160267
0.27311820397450204,0.26120031871016014,1.0426642066420615
0.27273395445134424,0.26083283643892197,1.0428006134969301
0.28058430180180088,0.25480623873873792,1.042154716981128
0.301524659863946,0.23825391156462616,1.0373545150501684
0.32241755102040837,0.22184693877551032,1.0352657342657359
0.32860942486085359,0.21611250463821904,1.0367672131147547
0.32276268398268387,0.2201103318903318,1.0369433427762051
0.3174355729984305,0.22645715332286787,1.0369872204472841
0.31701545541706611,0.22418226909555766,1.037235294117645
0.30973440806878316,0.23254819775132282,1.0370883280757099
0.29379018633540366,0.24828732919254651,1.0377880794701999
0.29353335548172788,0.24609362126245876,1.0378523489932898
0.27665345559845411,0.26078802445302302,1.0411281249999926
0.26853551658930558,0.2645718927282088,1.0404603773584844
0.26885140424052706,0.26488311783107282,1.041263157894732
0.24922847202180509,0.27703085137085104,1.0438644688644674
0.2155372203389824,0.29102491041162137,1.0430944625407126
0.18126657819411918,0.30344626073380171,1.0509729729729744
0.15807222629222673,0.31111030525030614,1.0567593750000055
0.1143351262384146,0.31669818152764401,1.061581120943951
0.10431485347985271,0.31699562271062043,1.0687652173913029
0.058799024865918634,0.31462636112465237,1.0862063492063494
0.0051904579456303369,0.30208465243568566,1.0906793650793671
0.0051768873403019947,0.30336559814169689,1.0879255663430412
0.0010363789682539667,0.30365903769841224,1.0902310030395159
-0.028288571428571593,0.29021978835979007,1.0992288401253998
-0.030408879447689982,0.29045722782793537,1.101565789473687
-0.045134664275752398,0.28025477585176489,1.1098857142857108
-0.060601151229722525,0.27323676957962612,1.1162324159021375
-0.058489676339285646,0.27330630580357113,1.1153826714801438
-0.060638615725359966,0.27127801771871562,1.1168138801261851
-0.082574457215836367,0.25415774493705479,1.1245782747603872
-0.082461770491803491,0.25381090398126532,1.1248277027027067
-0.082557696078431275,0.25410615546218457,1.1240611620795133
-0.10286507405637778,0.23279990444338128,1.137354037267079
-0.10284953397729128,0.23276473479071186,1.1360090909090814
-0.11628851063829783,0.2141012765957446,1.1423425076452529
-0.1303102389937103,0.19382279245282963,1.1500958466453652
-0.13758774250440858,0.17941441622574877,1.1561713395638642
-0.15215416212286437,0.15215416212286437,1.1675952380952368
-0.16043188208616757,0.1245310413396126,1.1765987841945291
-0.16496666666666662,0.11109999999999998,1.1808295081967277
-0.16507081545064362,0.11341600245248303,1.1805934426229552
-0.16502834782608669,0.11338682401656297,1.1782682926829255
-0.16505774193548373,0.11340701996927793,1.1802500000000038
-0.16466231884058019,0.11761594202898584,1.1796407766990316
-0.15743136338946317,0.13956681151548156,1.1727815699658652
-0.15750098818474761,0.13962853562477626,1.1732251655629096
-0.15290741569225649,0.15513964073885878,1.1689492063492075
-0.13557631406761103,0.18407515812431741,1.1582430769230814
-0.11230303206997043,0.2169738192419817,1.1439076433120952
-0.091917060637204381,0.24330986639259983,1.1336421052631576
-0.07782462262375342,0.25479568228872701,1.1246543624161061
-0.056099238095238035,0.2699114285714283,1.1144019933554858
-0.026054049356969155,0.2865945429266607,1.109
-0.0051787007454739045,0.29518594249201252,1.3250239043824712
0.023564153609831086,0.30428494009216661,1.3277266666666689
0.057734631185807364,0.30893092125739025,1.3310000000000044
0.067754147604661072,0.31247808372895924,1.3310303951367821
0.10938804198995945,0.31411428571428723,1.3303404907975502
0.15851723667377379,0.30806179957356039,1.3349184952978148
0.17357812499999939,0.30450562499999895,1.3353832020997469
0.21487215403128659,0.29012691765514736,1.3357534246575404
0.23809136552181881,0.28156032852165291,1.3357881355932253
0.27140558292282413,0.2635101477832511,1.3395476190476157
0.29929768996960487,0.2420063829787234,1.3362398753894142
0.33167094757094651,0.21286344396344328,1.3355230769230855
0.36689256221198113,0.16405764976958509,1.0405704697986535
0.37654783596000602,0.14406183697678329,1.0435540983606544
0.37664654202620562,0.14608718120805339,1.0418365384615318
0.37608685906685674,0.14587010101010009,1.0436829268292669
0.37482107376283824,0.1481388328664798,1.0439801980198014
0.3747556352010763,0.14811296988053149,1.043513846153844
0.37459998734377392,0.1480514538838788,1.0418519736842042
0.37409969312169145,0.14785372486772419,1.0434320557491259
0.37550795767195821,0.14841030687830709,1.0441354166666663
0.37330186097427565,0.14832527276044555,1.0449068965517216
0.37324765200197629,0.15029438787279578,1.0448074324324332
0.37342903828197771,0.15036742608154302,1.0460333333333351
0.36270251778872381,0.17191105637657322,1.0425051546391706
0.35664634162197145,0.17583956118966282,1.0434512635379027
0.35887841382816421,0.1759597763090999,1.0428268551236708
0.3399421305841912,0.20119024054982745,1.0383659305993709
0.33813619047618954,0.20129515151515096,1.0407357859531738
0.33986215962441163,0.20114291079812116,1.039486486486485
0.33425511854951012,0.20729768479776739,1.0418114478114455
0.31957254182754263,0.22459122908622967,1.038757894736845
0.32104379977246933,0.22028543799772513,1.0374075342465785
0.31903750117869001,0.22026428099952905,1.0388006993007024
0.32154345901929626,0.22062828111170171,1.0388823529411799
0.32106281488704702,0.2222742564602633,1.0372729970326402
0.32114769711163099,0.22035672755659602,1.0389898989898978
0.32117468944099392,0.22037524844720505,1.0384242424242445
0.32111463563060982,0.22033404229423381,1.0390588235294149
0.32114268523293749,0.22232955131511054,1.0375487012986995
0.32132312925170126,0.22245447409733163,1.0371604584527214
0.32085921325051769,0.22213330148112762,1.0368284883720926
0.32086773528309009,0.22213920134983159,1.0363687707641214
0.30708882046104696,0.23401945482079783,1.0380836012861749
0.29719142857142894,0.24387469387755134,1.0367148014440446
0.29964065217391339,0.2422836956521742,1.0390590163934437
0.29963076335877903,0.24227569974554741,1.0386655737704924
0.29968251342642344,0.24231754385964935,1.0377878787878803
0.29991835529783845,0.24250824108241065,1.0374285714285696
0.29154179077036252,0.25003414598271767,1.0376894197952231
0.27188195488721839,0.26397266165413563,1.03736551724138
0.275625332645694,0.26179467079250501,1.0368586572438174
0.2758894099378883,0.26204549689441003,1.0382192691029912
0.27756420394420434,0.25780874458874492,1.0369894736842118
0.29901256122449066,0.24177583333333402,1.0363840830449849
0.30113872053872065,0.23992363636363645,1.0380989761092163
0.29893843416370131,0.24171589561091358,1.0359893238434188
0.29891588717015527,0.24169766454352487,1.0364591836734685
0.29923517346938816,0.24195583333333368,1.0369696969696982
0.31136328671328706,0.23030998667998695,1.0423343848580406
0.34100440476190469,0.20017662698412697,1.054633663366336
0.34255813148788922,0.19300472895040366,1.0636142322097375
0.31466685995431398,0.21753496749253218,1.0632450592885399
0.29731978794642816,0.23643518973214253,1.065442105263152
0.26080280812324891,0.26283240196078389,1.0701282051282037
0.21818449575116158,0.29125093153759707,1.0651405750798664
0.1555873981531776,0.3284622849900416,1.0692991202346078
0.12501964546402547,0.34456633993743607,1.066573529411764
0.068239639389736512,0.37175325936199738,1.0682990654205633
0.0091949378881987613,0.39333900966183594,1.071388405797107
-0.03572471655328803,0.40726176870748354,1.0721699604743085
-0.10143030612244983,0.42518764687693611,1.0723456790123456
-0.1236667868131876,0.42823457582417856,1.0733626062323043
-0.16445501557632486,0.43412038273253456,1.07275964391692
-0.19126148845166999,0.43673077844311803,1.0744213483146183
-0.19094291687406725,0.43600334494773646,1.0725975975976032
-0.19105692102928248,0.43626366459627608,1.0735604719764107
-0.2455904761904763,0.43920952380952405,1.0714704049844206
-0.28423873117298043,0.43909280693747149,1.0696626506024127
-0.27602541208791381,0.43899244505494783,1.0691903225806525
-0.25156333041191975,0.43896273444347128,1.0710300300300264
-0.22987370912220398,0.43829253872633556,1.0718319327731087
-0.16439374881964225,0.43395865371644693,1.0723249299719964
-0.12748105248105188,0.42731648791648585,1.0701841359773328
-0.060236006847183186,0.41552635231870433,1.0712788732394318
-0.0010144570769484256,0.39665271708683442,1.067297687861279
0.055849255441008147,0.3767286139748004,1.0653660477453633
0.10628299999999957,0.35326444761904618,1.0638849557522032
0.14888382352941143,0.33321617647058749,1.0645118644067744
0.14477999168226258,0.3351201206071952,1.0647912087912055
0.13873246003094364,0.33923630737493521,1.0621891025641008
0.1670355197331852,0.32293533815082476,1.0634378531073394
0.21296734861845931,0.2937132627865956,1.0589285714285688
0.22694369747899137,0.28544473949579807,1.0595266903914595
0.2093227282491946,0.29628772645900492,1.0640503144654052
0.19859634285714384,0.30257348571428722,1.0949455587392583
0.1757438095238098,0.28140573181419853,1.1434169184289968
0.17663293144208045,0.27537183721715647,1.1517272727272712
0.17600468714448164,0.28095158134243342,1.1477269624573334
0.1790066666666667,0.28532577777777784,1.1326636363636375
0.18471212121212124,0.29448389610389614,1.0962229299363082
0.19671343757403378,0.32053306325515146,1.0304407294832838
0.19850858011289718,0.32833883630047922,0.98132398753893935
0.20062099001302766,0.33803262700825215,0.95857258064516249
0.20056078055964816,0.33609957290132814,0.96159220779221866
0.19688956147430883,0.33791743341404634,0.96163387978142933
0.19515013587954552,0.33807699596033941,0.9629482288828376
0.19371458003609612,0.33877099541857575,0.9650079575596815
0.19406828035235571,0.33755004212945278,0.96961038961039248
0.19360216223698762,0.33810903931339942,0.97386149584487158
0.19531855049712296,0.34014010989011167,1.0067843137254828
0.19548761904761841,0.33993659863945463,1.0100934579439245
0.19539947826086901,0.33978332919254561,1.0092314814814798
0.1952232534930135,0.3394768890789841,1.0106615853658514
0.19505331360946743,0.3391813778529163,1.0102619808306705
0.19546659090909033,0.33990003246753142,1.0110363636363624
0.1953252352941173,0.33965422689075569,1.0097874251496992
0.17435637385388905,0.35160263235729011,1.0124450261780031
0.16851204819277038,0.35531969018932724,1.0109268292682891
0.1684274924471296,0.35514139835994751,1.0116414565826268
0.14207215909091045,0.36629488636363988,1.0177709923664129
0.10188674698795153,0.37746613884107755,1.0190719999999982
0.077040150528295895,0.38325036908380111,1.025822784810138
0.044235614803023897,0.38829039660432091,1.0325563909774322
0.022720796019900527,0.38822925373134382,1.0371228070175458
-0.018857156501569008,0.38210553963705624,1.0457220779220691
-0.032966104651162842,0.38060866279069822,1.0505026595744704
-0.070020198019801611,0.37039669966996508,1.0631966759002773
-0.092704015825915753,0.35961008336866218,1.0752320916905456
-0.11198664077111251,0.34623392605380654,1.0826422018348518
-0.13874625468164845,0.33278237025147261,1.0935171428571522
-0.16372747141409666,0.30527251121725119,1.1077573964497009
-0.1821711882510017,0.28018141818721315,1.1222140921409185
-0.18756750298685776,0.27545627581498539,1.1255382262996938
-0.1969148043052838,0.25932496086105683,1.1336710875331562
-0.21020967402733781,0.22981472134594963,1.1476743421052611
-0.21924114285714205,0.20602057142857069,1.1580595611285311
-0.22578959064327458,0.18352355889724289,1.1688405315614629
-0.22582998751560515,0.18355639379347216,1.1663754385964913
-0.22546706467661709,0.18326140724946707,1.1664305555555561
-0.22603261744966463,0.17704032598274225,1.1710277777777842
-0.2277245510455112,0.15368602706027112,1.1779741697417021
-0.2267478993710704,0.17313263252470892,1.1719726027397273
-0.22344218487394985,0.18342268907563047,1.1657128712871274
-0.21787246526151452,0.21123675565964098,1.1571485148514835
-0.21162984855581612,0.22917429195940708,1.148247678018574
-0.19987003154574146,0.2517282018927447,1.1369797101449228
-0.18785576923076844,0.2715857692307681,1.129991304347828
-0.17750387777260698,0.28591941988521724,1.1197486338797848
-0.15823709334498354,0.30704283675549787,1.1069472140762504
-0.13639957918050979,0.3300661572536,1.0941688311688387
-0.10858785046728978,0.35058363150867844,1.0792218649517706
-0.091284461760462093,0.36000950649350777,1.074580736543908
-0.069819540229884958,0.36731149425287302,1.0654355300859533
-0.029070828216673509,0.38193053622595197,1.0504415584415623
-0.0029726729431027252,0.38545659162231999,1.0409999999999926
0.028640357509157589,0.38812622417582526,1.0365000000000004
0.051984938050455509,0.38547321988356636,1.032567123287667
0.075188293118856567,0.38375323630793029,1.0250532994923902
0.10760453735965914,0.3771005858820487,1.0176017441860463
0.1384073330635375,0.36682782679077419,1.0163546666666698
0.16325490616622149,0.35645597855228239,1.0153919308357413
0.19216915730337231,0.3408829775280926,1.0138368580060486
0.21151638036809828,0.32934742331288364,1.0127002967359013
0.23108536054421935,0.31423741496598862,1.015461318051581
0.23103189725101275,0.31416471383505917,1.0145843023255783
0.22921728291316698,0.31626182072829367,1.0143153638813986
0.2291639070567997,0.31425430292599116,1.0153275862069024
0.22702145246058231,0.31589793597706561,1.0141643835616416
0.22731182108626347,0.31630198083067301,1.0158695652173995
0.22718327188940027,0.31612310599078247,1.0146559766763854
0.22726606033717997,0.31623830523513979,1.0159210526315856
0.2274254464285721,0.31646008928571523,1.0158879310344862
0.22742875939849708,0.31646469924812143,1.0162956521739133
0.2256084239631333,0.31662641474654329,1.016575221238937
0.22520735081374249,0.31606353526220515,1.0147780979827064
0.21405654690618758,0.29889001710863977,1.0415988538681955
0.20935310924369754,0.29149164971251668,1.0567640449438271
0.20515299880525675,0.28398025942993671,1.0607889273356375
0.20458423751686941,0.28520856757277852,1.0573309352518026
0.20670772574590018,0.28334083382730707,1.0583854166666675
0.20302939430729786,0.27852776203965984,1.0752072829131702
0.18899920972644471,0.25373927051671863,1.0984384858044214
0.18513131313131312,0.24648911976911975,1.1107971014492755
0.18491886792452863,0.24620626415094382,1.1093465703971146
0.18482865497076095,0.24608615204678455,1.1089210526315838
0.18489934640522795,0.24618027264238923,1.1096341463414598
0.18512677595628471,0.2464830788446534,1.1110263157894713
0.17453457719030738,0.22807279105236483,1.1266732673267308
0.1657372128279877,0.21556670165208855,1.1368358208955227
0.16173783479105971,0.21167032069970904,1.1387384615384637
0.16148761904761907,0.21134285714285719,1.1384065040650435
0.16398652208077938,0.2095986672953008,1.1400380116959039
0.1639106687295856,0.21167271789582245,1.1397517241379282
0.16394484072249638,0.20954539244663445,1.1402116040955661
0.16376261587301616,0.21148152380952415,1.1389572649572666
0.16377078810563553,0.21366122686629271,1.1390938775510218
0.16372179456906716,0.21359730814639888,1.1367642276422709
0.16376354652321193,0.21365177923889236,1.1393781818181863
0.16389373910127447,0.21382163313212629,1.1377042801556403
0.16572888629737559,0.21338948104956204,1.1373826714801412
0.16387095238095278,0.21379190476190529,1.1389009584664587
0.14854045177045158,0.22443703296703266,1.137467391304344
0.087611889400921322,0.25850915514592837,1.1367545787545774
0.066310060722275438,0.27067549376797678,1.1400734824281173
0.03533006556245679,0.31797059006211115,1.1398490566037751
-0.051096442967884736,0.31201444961240249,1.1415789473684264
-0.092686108256251815,0.32385616649537396,1.147186666666665
-0.14963464767838544,0.3353126776442652,1.1439999999999968
-0.20005949579831903,0.34217826330532164,1.1477770270270229
-0.27201588697017193,0.346301350078492,1.1469963369963339
-0.32037047619047493,0.34442559726962324,1.1496734006734015
-0.39026787428571419,0.3359130171428571,1.1427216117216086
-0.4565712570028011,0.32209421218487388,1.1367526881720442
-0.45566901587301506,0.32145771428571374,1.1357207547169772
-0.44020162698412524,0.32555452020201892,1.1356606498194919
-0.41748510638297942,0.33073495440729539,1.1386524822695059
-0.39100669738863097,0.33654894009216424,1.1429291044776064
-0.35233374897725284,0.34142558337424189,1.144252595155705
-0.29779324137930935,0.34578922167487569,1.1449671532846684
-0.25434786985256608,0.34604409761057275,1.1468732394366155
-0.19340206174777516,0.34200477585906003,1.1456810631229224
-0.14708206399278914,0.33447550848730573,1.1439865771812054
-0.10122238095238023,0.32543539682539446,1.1427340823969945
-0.040120272956534739,0.30903453493547023,1.1380949554896171
0.027081098901098857,0.28705964835164788,1.1364269972451784
0.083291042382588179,0.26285354933725874,1.1352939068100274
0.10907217963608164,0.2494621138211372,1.133488636363629
0.11565729178914316,0.24536640407603266,1.1350549450549372
0.10054046441191224,0.25189170116102744,1.1353777089783215
0.091929582048646319,0.25632130524151975,1.1345274725274663
0.08535448412698389,0.26038519841269769,1.1346566523605113
0.085385673930588935,0.26048034705407508,1.1348389830508447
0.08323714285714269,0.26052144712430375,1.1348484848484819
0.085400872666247102,0.26052671281728546,1.1348395522388006
0.08107923169267689,0.26269671068427314,1.1351598360655701
0.078903631961258602,0.26265181598062792,1.1349421487603282
0.076833545435641221,0.2629655146600115,1.1353100436681156
0.079939947089947228,0.26966408818342197,1.1121553398058286
0.085288963908330212,0.28258391656374471,1.0799999999999959
0.088203073749355154,0.29096876052948195,1.0648156996586964
0.086324334858498469,0.2935027385188948,1.064968253968255
0.086309425625920533,0.29142123711340223,1.0641395348837166
0.087207142857142789,0.29570238095238072,1.0473278688524528
0.092026769812618092,0.31402949286573806,0.99396501457725606
0.093097542336084207,0.31878855405992473,0.98810924369748776
0.091506084490222586,0.31791289147634039,0.98909859154929836
0.089452278388279113,0.31732018754579017,0.98879629629630439
0.089588827838828475,0.31780457875458101,0.99019626168224906
0.089602503980316051,0.31785309306701587,0.99025679758308716
0.089628511341445533,0.31794535075860153,0.99117647058823588
0.089841452233067373,0.31680933155871127,0.99332352941177005
0.089875473951336132,0.31692930288102739,0.99341176470588433
0.089889793596619971,0.31697979847229152,0.99317924528302126
0.089969470273316116,0.31536666948436065,0.99419999999999664
0.090073585178752302,0.31573161962657392,0.99531775700934422
0.090099637188208473,0.31582293877550971,0.99569421487603782
0.090130967261905254,0.3159327589285732,0.99616300940439406
0.084760400112708204,0.31904195548041853,0.99870516717325564
0.071579734219269178,0.32544919158361052,1.0001813031161533
0.031640829493087372,0.34229624633430883,1.0068245614035041
0.018179795282598995,0.34732977303070706,1.0046276276276256
0.025858833474217916,0.34382671174978635,1.0047398373983678
0.058392399217220711,0.33025209393346139,1.0030402144772075
0.086750990990991511,0.31745142857143049,0.99921597633137271
0.10232888714938081,0.32764019830398078,0.98197282608695291
0.10519895470383392,0.35218780487805268,0.95761340206185164
0.10769743471582199,0.37649599078341073,0.92348031496063188
0.10624650420168083,0.38611534453781571,0.90253805774279006
0.1107896527229688,0.38905203630623925,0.8999864130434827
0.1105229246876059,0.38811538669368584,0.89983535108959123
0.11222859437751083,0.38808819277108708,0.89950859950860362
0.11244089758643251,0.38882234050880859,0.90014182692307432
0.11072623515894348,0.38711265160219777,0.90233812949641179
0.10944499435793306,0.38693545249379491,0.9048353510895909
0.10943957062921135,0.38691627726390465,0.90604205607477251
0.10935843267843337,0.38662941946942192,0.90496610169491698
0.10959983814215399,0.38748289232934757,0.90584819277108697
0.10964885691981771,0.38592944128471274,0.90684975369458087
0.10981296167247349,0.38650703832752481,0.90719230769230408
0.10973336212066682,0.38622687297589031,0.90726277372262609
0.10979836702066897,0.38645566974991363,0.9077583732057396
0.10634015073655341,0.38818477789197142,0.90675632183908061
0.028786045918367361,0.41085538265306143,0.91374576271186392
0.066827412280701506,0.40009658521303104,0.91101066666666808
0.075246551575312126,0.39526062149330626,0.90982022471909929
0.12738884057971003,0.37350061421670083,0.91162264150944194
0.13820453061224583,0.36941462585034257,0.91242243436754733
0.12301935267857204,0.37778283482143044,0.91474083129585093
0.11635037037037102,0.38229407407407623,0.92056433408578242
0.17054189996401689,0.34376246851385606,0.94537250000000039
0.15928034789045145,0.35365636565507019,0.94341416893732866
0.14139055013309706,0.36473358473824402,0.94649397590361495
0.12159223602484466,0.37558490683229795,0.94492950391644992
0.11588911136107984,0.37821175103112104,0.94224281984333824
0.12285373940987412,0.37394167397020078,0.943605194805194
0.12484935873015811,0.37275168253968066,0.94121857923497143
0.1245704761904762,0.37191904761904765,0.94264117647058299
0.12622819527811188,0.37152270241430096,0.93949570200573573
0.12595566820276494,0.37250718894009199,0.93823595505618074
0.12793345422379535,0.37306468819106753,0.9389283887468074
0.12783424638291888,0.3727753898019382,0.93844875346260348
0.12765673654244344,0.37225775621118118,0.9382199413489748
0.12731875000000006,0.37305284090909113,0.92649856733525171
0.1253376244960227,0.37433048926664503,0.88638120104438567
0.11875927427263842,0.37986122480113427,0.89789285714286149
0.10611613719613769,0.38736703740703921,0.90633882352941586
0.094610079365079564,0.38639817460317538,0.94557605985037541
0.098721786372007764,0.39027397790055407,0.96583060109289964
0.10114521260898734,0.36771483836351476,0.99874590163935018
0.1052803975155286,0.36895562732919479,0.99259326424870753
0.10486380952380983,0.36749569283569394,0.99405247813410791
0.10489276029055722,0.36759715092816903,0.9922805970149301
0.10491901867129894,0.36768917354175934,0.99083880597015239
0.10603611039611062,0.3669037094237102,0.98772928176796171
0.10609599069512848,0.36898871100164155,0.98738802083334143
0.089346608946609243,0.37713673881674004,0.98745945945946334
0.055500505404616061,0.39414765702600218,0.98584552845529205
0.040356996336996451,0.39887728937729044,0.98230246913580677
0.043999105064247958,0.39599194557823164,0.98277245508982014
0.051413063632532528,0.39354363253265806,0.98265650969528606
0.057110759330759396,0.39228537966538013,0.9826198347107491
0.091008800949743437,0.37810872971903714,0.98426455026455573
0.10754328105129339,0.36938779143705119,0.98182913165266628
0.11686925647451954,0.36556703425229714,0.9822682926829267
0.11340896979290369,0.36834483577364585,0.98539436619719001
0.070512012012012418,0.38828614614614837,0.98603494623656485
0.046019217986315003,0.39726794302471929,0.98388165680473982
0.043988163265306301,0.39776530612245065,0.98247262247839007
0.056149459058411073,0.40961490624578567,0.95455657492354351
0.079111854636591733,0.41511501253132971,0.93005426356589227
0.077747248322147952,0.41375834451901727,0.93728762541805766
0.06651579344781379,0.40911768846669028,0.95756892230576751
0.061931746031746004,0.39839675432361987,0.97457326478149386
0.060674474474474584,0.39485081081081147,0.98059178082190968
0.058840347826087089,0.39320295928226451,0.98675835475579221
0.048772511453560957,0.37392258781063398,1.0146600566572161
0.038701477222467744,0.3522826772814372,1.0422339832869036
0.033119536019536003,0.3382207163207161,1.0540344827586257
0.029234003139717524,0.33165472527472639,1.0580191693290815
0.029225299823633387,0.33155598765432359,1.058113924050641
0.029235027472527712,0.33368255494505772,1.0584311377245599
0.027342752613240554,0.32507494773519324,1.0712448377581179
0.013536666666666725,0.29676538461538587,1.0926952054794514
0.011454395604395668,0.29260774225774383,1.094062314540065
0.011496397896582012,0.29159045574058012,1.0968358662614042
0.0052739378386084616,0.28162828058169181,1.1086798866855467
-0.0074795312500000218,0.24682453125000073,1.1228076923076924
-0.007502995169082113,0.24759884057970974,1.1234169491525408
-0.0096195104895105098,0.24690076923076981,1.1217096774193587
-0.0074795156695156963,0.24896102157102243,1.1215543478260901
-0.0096854638218924084,0.23998427025355631,1.1321809815950881
-0.020699794773128024,0.21898203944203856,1.1431594202898474
-0.025131833520809804,0.20651811023621969,1.1472116788321096
-0.027319217014869165,0.20434774327122135,1.147266666666662
-0.027324190476190419,0.20657087999999954,1.147621621621618
-0.025144283721856953,0.20443395895596739,1.1478498023715398
-0.025128939091915881,0.20649432558139572,1.1470468749999998
-0.022963755102040777,0.20667379591836701,1.1475478927203024
-0.020738390804597686,0.21939034482758601,1.143210031347955
-0.01187122507122507,0.24066210826210827,1.1301428571428591
-0.0053426356589147059,0.25537798449612298,1.1203132530120474
0.0052705222270176674,0.28144588692274342,1.0990707964601854
0.015577900552486255,0.29805716390423698,1.0841384615384577
0.021481135646687681,0.31403374493014852,1.0666679536679504
0.042260701754385864,0.35675894736842023,1.0277685185185206
0.045623159314717478,0.36595598003507424,1.0167964601769968
0.061901178321178162,0.39635232089231986,0.97020876288659608
0.053759628339140768,0.38386260936895245,0.99672660098521992
0.048979532746074299,0.3774305170432784,1.0125000000000013
0.038281592637054947,0.35238696812058268,1.0405977337110437
0.029087316875758901,0.33400263860785218,1.0620236686390527
0.01748625233779311,0.31166673284419483,1.0831150684931574
0.0073463976945245292,0.28650951008645664,1.1054249363867641
0.0031637472527472395,0.27102768131868021,1.109796491228064
0.001059152183128451,0.2743204154302688,1.1118031250000067
-0.0097068874172184846,0.251300529801323,1.1314161490683201
-0.018407471104946824,0.22846920018492828,1.1344063745019897
-0.018391443280014574,0.22827026659312211,1.1339309090909016
-0.0096645499021526457,0.24376142530985004,1.1216960000000025
-0.0031907915057915051,0.25845411196911194,1.114742138364782
0.0052386152162014771,0.27974205254515888,1.0980248618784612
0.013520262493690061,0.29640575466935903,1.091289962825281
0.013518156028368833,0.29635957446808597,1.0912177121771198
0.01351361674081401,0.29626005931784555,1.0911172638436566
0.013508413297394427,0.29614598382749319,1.0914223826714835
0.013516720277515002,0.29632809839167507,1.0907278688524626
0.013515468104222843,0.29630064690027003,1.0907741935483914
0.044606286313267123,0.28527276130577806,1.0890325443786895
0.075728550106610004,0.2707555010660988,1.0882653721682818
0.088150915750915743,0.2644527472527472,1.0908344827586254
0.080020769230769326,0.26708230769230801,1.0930317460317491
0.071825218328841312,0.26960480503144785,1.0930572390572464
0.067702514285714485,0.26976848000000075,1.0940301003344512
0.067734523809524133,0.26989602564102694,1.0940137457044727
0.055216921296296559,0.27816826388889021,1.0943951367781195
0.026060481663930036,0.2929198139025736,1.0921841359773459
-0.0093047764449291082,0.30292216648491432,1.085632302405501
-0.011375274296853253,0.30299594263436391,1.0860881458966598
-0.042414497354497344,0.31138448057813906,1.0862873900293279
-0.065088901734104074,0.31511293696669429,1.0838459383753465
-0.094047734915925205,0.31728191889218726,1.0839125683060082
-0.1409622769567585,0.31382112753146968,1.0809151193633824
-0.1700956386292829,0.3082339148494278,1.0825165165165112
-0.19912698412698493,0.30023809523809641,1.0833678756476757
-0.2322035600182559,0.28586838277803062,1.0835575916230413
-0.24887254055468513,0.27572186028257645,1.0846915887850519
-0.27348388278388402,0.25903567765567881,1.086589385474855
-0.31241281310212088,0.22730367464905138,1.0895401662049928
-0.32388269329237246,0.21349180747567958,1.0935264550264596
-0.34146310924370005,0.18900557422969333,1.0963983739837515
-0.35901758865248179,0.15805147488782725,1.1015000000000055
-0.37310834046193131,0.12086608212147071,1.1040030395136702
-0.37981129251700385,0.10205455782312846,1.1059969230769158
-0.38019358938329195,0.10005094457455052,1.1068780487804908
-0.38841033879781378,0.066675344262295003,1.1111474358974343
-0.39089189417989517,0.024497312169312231,1.1181582278481017
-0.3917254369256466,0.016010576441102719,1.1205047923322655
-0.3906447219662067,0.032997238095238163,1.1178967551622421
-0.38890219753086491,0.045566197530864279,1.1126747404844299
-0.39090589220303684,0.043670685504971413,1.1171980830670967
-0.38722967741935327,0.075324129032257756,1.1103076923076902
-0.38079503322259256,0.10442855481727607,1.1071768292682955
-0.36905650890142994,0.1377390389347217,1.1030446428571477
-0.36406642162435532,0.14793477074649597,1.1001316614420169
-0.3520910727661864,0.16820968164794067,1.3102857142857143
-0.3331978292098971,0.19618189944134132,1.3248204225352147
-0.3092556535255046,0.2244430662710184,1.3281129032258097
-0.28789576580796339,0.24455661826697961,1.3302827586206913
-0.27553162128194475,0.25695645580226306,1.3296221590909132
-0.24688829483889516,0.27787845737097405,1.3301221374045857
-0.20903865479722847,0.29553740850642646,1.3331021021021061
-0.18002416173569888,0.30346930121160665,1.3339319899244413
-0.15142023880596889,0.31211110447760931,1.3340343007915647
-0.11662942769768402,0.31686048055919463,1.3312908587257657
-0.069231244331065991,0.31515715702947944,1.3326246648793556
-0.044548852188274188,0.3118419653179193,1.3271455525606537
0.0010408996336996388,0.30081999413919563,1.3263125000000076
0.030218999444135749,0.2907276153418577,1.3284358974359021
0.045156872146118993,0.28459331050228481,1.3304699140401204
0.062038432612897931,0.27654419961342636,1.3279187675070083
0.079294865277072038,0.26537348246060105,1.3266695156695221
0.10760040057224576,0.24396526466380475,1.325986413043486
0.12765255026454991,0.22205107482993139,1.3240617977528175
0.14996319926028664,0.19527582061950996,1.3230000000000088
0.15713517877739261,0.1874785236447512,1.3197246376811518
0.18156514130855531,0.13372761904761857,1.3172968299711849
0.19094716981132084,0.10365703504043131,1.3159848484848391
0.19824137868480657,0.071191655328797926,1.311788690476184
0.19896306186025906,0.047267467734757672,1.3109999999999942
0.19922364878440757,0.029718444846292841,1.3109695121951166
0.19328109452736444,-0.020984804548685284,1.3076065573770448
0.18463722313446532,-0.05196376938514892,1.3077826086956468
0.17601412068076239,-0.074169472236547684,1.3815119999999914
0.17220662020905872,-0.085547804878048528,1.3966743119265992
0.15446497878359314,-0.12334973125884056,1.8855411764705901
0.13007057142857154,-0.15452828571428584,1.8646666666666678
0.10106676056338006,-0.18325291750502978,1.163835913312693
0.064979999999999996,-0.21546000000000001,2.0643516483516451
0.078776190476190389,-0.19860476190476167,2.0711428571428545
0.074221636791598641,-0.20272476914720228,2.0659999999999989
0.074848571428571431,-0.20443714285714287,2.067583333333336
0.098060903954802464,-0.1840019209039552,2.0712640000000082
0.12367009826152656,-0.16905362055933446,2.0684351851851903
0.1579051385927504,-0.1579051385927504,2.038854545454547
0.15545674004683774,-0.11197233723653348,1.8869433962264148
0.16779246509848847,-0.083354966532797503,1.3965701754385909
0.17996616780045377,-0.052804444444444522,1.3141434599156081
0.18756944444444398,-0.024651984126984064,1.3050491803278668
0.21430743835874322,-0.0011972482589873924,1.3096666666666623
0.19135697020328568,0.049689379003063125,1.3109999999999944
0.22540723282861524,0.094444371296905832,1.312854103343458
0.17879369649805471,0.11605906614786009,1.3163901734103987
0.159457677018634,0.15737326293995907,1.3192291666666585
0.14041006609049314,0.1944939433994238,1.3234507042253612
0.12335499499499457,0.21664868868868797,1.3249669421487689
0.09637652210884308,0.24560468537414848,1.3260000000000078
0.063193890489913321,0.27245890489913449,1.0940955882352981
0.034305017921147075,0.29003333333333436,1.0900269541779009
0.015617519305019367,0.29881520270270384,1.3274142394822039
0.017745976190476229,0.29750607142857205,1.3286216216216298
0.024094489214489152,0.29646697598697525,1.3298888888888956
0.043108708437761233,0.28914377610693509,1.3307214076246385
0.064539248327430354,0.27825938213301948,1.3279665809768704
0.079869002695417621,0.26729492902066432,1.3262400000000079
0.11032083989501267,0.24099212598425096,1.3259596774193627
0.12551288961038923,0.22420678571428501,1.3251184573002839
0.14763719558411562,0.19720880869995006,1.322536231884059
0.16336064321250904,0.16985179459843652,1.319040345821316
0.17631490079364953,0.13521081349206251,1.3189482758620779
0.18514246888999336,0.11584938111829995,1.1294135338345905
0.19350085300207012,0.07891375569358168,1.1372163120567269
0.19348416225749576,0.078906948853615599,1.1357083333333322
0.19394197172618963,0.079093653273809184,1.1380517799352712
0.19378656641603889,0.079030275689222579,1.1359898648648552
0.19363614427860701,0.07896893034825872,1.1370622837370183
0.19359416133617616,0.078951808813077437,1.1368052805280455
0.19366743436538078,0.081145573058120438,1.1355653594771247
0.19343279627640514,0.081047261009666957,1.1353793103448233
0.19367411414565841,0.081148371848739548,1.1366132075471687
0.1964333723386959,0.082304485616772033,1.1517639344262247
0.20238948222083578,0.084800062383031741,1.305115254237287
0.2019021958827206,0.083270397171969504,1.3080914454277213
0.17819963400236105,0.053346387249114446,1.1913180212014118
0.17411487647690777,0.044382223415682376,1.1944377358490632
0.17600093048713772,0.048826064586754335,1.1921745454545458
0.1724616000000006,0.046215200000000158,1.1666572438162541
0.16789709595959512,0.04441148989898968,1.1925317460317484
0.175647305114638,0.061422677248677088,1.1309055118110249
0.19520445165945224,0.0851997330447333,1.1328906752411594
0.19316808371735814,0.083094650537634512,1.1343517241379328
0.19042675817658025,0.081915421115065251,1.1114723404255333
0.18971088375961778,0.082801987939280688,1.1029411764705919
0.2003254225352111,0.09857282696177054,1.1106781115879818
0.19030519883939198,0.10312628093531295,1.1145350553505526
0.17359361942405394,0.11182411067193658,1.1175880398671099
0.17441855875430029,0.10379509324642411,1.1217689873417704
0.17413084377610707,0.10148730158730167,1.1213322683706071
0.17633058201058233,0.10152366843033529,1.1213967213114753
0.1788809242515573,0.1017586096041793,1.122063973063973
0.18058139139670767,0.099373191715348017,1.1217743902439017
0.18109121341559847,0.099653744660654769,1.124955922865011
0.16004199394808111,0.11278127090301018,1.1288132295719862
0.13658125426774509,0.12582682479784391,1.1319310344827587
0.1237773669467787,0.13454061624649857,1.1290436137071649
0.12590318555008212,0.13235975916803505,1.1305111111111124
0.12596893267651907,0.1324288779419816,1.1301949685534611
0.12821459649122835,0.13252433082706797,1.130842271293379
0.12804314465408825,0.13234711590296516,1.1294202453987747
0.12767044619422527,0.13196188976377909,1.1261779935275038
0.14046068675089088,0.12544962099125367,1.1257724550898185
0.16800672993672972,0.10808076257076243,1.1198169014084554
0.18654399008674105,0.094870943529828305,1.1200546623794156
0.18640949227373102,0.096932935982340124,1.1203221884498487
0.15963402058259143,0.11463651142508244,1.1272208201892751
0.14498486730660612,0.12565355166572534,1.1268514851485132
0.12568516853932596,0.13642749063670423,1.1250981595091949
0.1298831408308003,0.13417679837892593,1.1259970326409463
0.13222655224634025,0.13007652700656239,1.1288206686930085
0.13599191804211685,0.13813352305065413,1.1220533807829189
0.14925713265306179,0.1619598673469394,1.110787096774196
0.154900846153846,0.17176080219780204,1.1054285714285725
0.16780294631710327,0.19698606741572994,1.0911068493150677
0.17742420974615564,0.2122937076153423,1.0714985590778106
0.19245758849955047,0.23832830907457286,1.046421364985161
0.20221946624803835,0.25301855921856009,1.0235959595959618
0.20580065354000773,0.2599078676162539,1.015063253012044
0.21915926153846263,0.27987871062271208,0.99189411764706203
0.22702459173871317,0.29003549883353974,0.97202266288952122
0.2285664027538728,0.29149156626506051,0.97067507002801556
0.22878352924352949,0.29176846846846877,0.97124301675978097
0.22294812821527582,0.28451539374752771,0.981314606741574
0.20739731282051294,0.26091920000000013,1.0090666666666661
0.20159505846466719,0.25223729537366568,1.0249971830985909
0.1934262817322045,0.23905504562800656,1.0442892307692317
0.18701832967033147,0.22745472527472749,1.0624219653179208
0.17698724802804597,0.20389758983347986,1.0875663716814168
0.16116401970443431,0.17591105418719299,1.1064183381088846
0.15488251012145748,0.16541873529978793,1.1062842465753453
0.16155092357227571,0.18031167598712064,1.0941301369863004
0.17132863154564146,0.19595071033064379,1.0816179775280921
0.18253239263803717,0.22085411042944827,1.0630967741935493
0.19417301825993602,0.2395129108485505,1.0346442687747039
0.20652035978836056,0.25791252305366685,1.0038818897637811
0.21758814411395153,0.27499437788018555,0.98571153846153936
0.22841956190476206,0.29030215238095258,0.95892727272727207
0.24097757894736893,0.30806291228070237,0.92903457446808624
0.24563682880122592,0.31607032809906843,0.92105336426914275
0.2461338916256165,0.31494551724138026,0.92399058823529667
0.24584844259189145,0.31458026525199018,0.92404439252336801
0.24369629796275516,0.31231836020497505,0.92604668304668458
0.2391293333333335,0.31971504273504298,0.92350184501844923
0.231008108300678,0.33310157938487278,0.90704672897196736
0.23224275739223513,0.33314223251395525,0.91050881057269306
0.22753425857389653,0.34173396249691684,0.90774832962138607
0.21808571428571563,0.35321333333333549,0.89626588235294602
0.22539933834586554,0.33939440601503895,0.90735746606335665
0.23985957525392407,0.30940993536472738,0.9343878048780504
0.24435701692247119,0.29159331759149909,0.95451908396946439
0.2475671796970948,0.27167484513576312,0.97095738636363782
0.24672367179487148,0.25047612307692274,0.9915891891891887
0.24452467871485986,0.23508357142857184,1.0006856287425154
0.24631248785228352,0.22699386135406521,1.0130628930817609
0.245461365678347,0.22813468104222842,1.009928571428574
0.24876644924207664,0.24686019292604539,0.99678693181818712
0.24677266637541845,0.24864926459880568,0.98659119496855185
0.2463665294815974,0.27933751483972941,0.96120630372492433
0.24023513871635718,0.3050176480331277,0.94352586206896927
0.2391870497774172,0.30906191825171886,0.93580156657963498
0.23845012545528052,0.30810971266693554,0.93889876543209583
0.24031242375601908,0.30820738362760813,0.93574074074073998
0.2396671991001125,0.30737986501687292,0.93953400503778095
0.24040093900481496,0.30832090690208608,0.93769306930692919
0.24036327532712737,0.30827260218534919,0.93902506265663976
0.24218223280423273,0.31188782010582006,0.93615662650602549
0.25544822798684769,0.32818602849835682,0.89683627204030547
0.25570675000000065,0.32828358333333418,0.88241241685144478
0.25624717557251825,0.32946065430752353,0.89064406779660754
0.25309619047619036,0.32392857142857129,0.90773190348525745
0.23775683263533332,0.3059436978439572,0.94182412060301712
0.22658656084656081,0.28896666666666665,0.97068454258675307
0.21069413517665203,0.26789616282642181,1.0058666666666716
0.2023062369337979,0.25312712737127369,1.0267842565597656
0.20014816608996586,0.25141764705882408,1.0350906432748557
0.19760564625850291,0.24328333333333274,1.0374176136363586
0.18916736842105183,0.23320633249791048,1.0575640243902509
0.1726877542799598,0.19957327291037269,1.085702917771888
0.16360537573168787,0.18444682486948252,1.094147826086953
0.14644961130742051,0.14858756183745583,1.1191228070175427
0.13450190476190493,0.12158972190476207,1.1293245901639335
0.13046764592933954,0.11752870583717365,1.1332953216374286
0.13010338740624394,0.11720057212628586,1.1317356687898115
0.13022956727919402,0.11946679312388873,1.1299320388349494
0.13437644009216532,0.1236263248847921,1.1272320261437863
0.13439453444607991,0.12364297169039351,1.1299873015873017
0.13603421245421271,0.12746512820512843,1.123999999999999
0.13602107096535079,0.12745281452658852,1.1247181208053667
0.13607794139194115,0.12964906227106204,1.125797507788161
0.12577621118012428,0.13867633540372676,1.1282182890855446
0.091667561904761802,0.16068784380952361,1.1311324921135621
0.076479215471629322,0.16911601167670148,1.1306204620461946
0.080814555256064763,0.16701674752920054,1.1308224852070952
0.10216397016637913,0.15593448078026287,1.130169054441259
0.12930316275764048,0.13785213219616216,1.1252826747720326
0.15513279866332555,0.12303635756056855,1.1215394736842128
0.17421565153193144,0.11222480620155094,1.11833644859813
0.20063528089887692,0.092355922953451283,1.1136819672131195
0.22766830963665213,0.072392227488152064,1.1013243243243294
0.25197669038496656,0.053322868089764698,1.093980392156866
0.26161010601976759,0.046902210242587811,1.0926989619377234
0.25498018979834075,0.050996037959668152,1.0930033112582807
0.25103584541062973,0.055207053140096995,1.0926279863481239
0.2505716684841871,0.057184405670665107,1.0921158940397369
0.24889503477795763,0.059359903691814153,1.0936569579288091
0.25015879146141085,0.057090180623973426,1.0878289473684279
0.27001056053417721,0.040039588824459744,1.0786548042704693
0.29842368843070083,0.013240641466208569,1.0692729970326487
0.3018545131938134,0.0071144161358811233,1.0694700598802445
0.29802552320291364,0.013222975432211187,1.0698606811145592
0.29718833179723364,0.017361517665130492,1.0705970149253718
0.29489275883256388,0.017346632872503757,1.0716142433234355
0.29478567501227204,0.017340333824251299,1.0708258064516083
0.29276827586206911,0.019381871921182275,1.0726848484848508
0.29088560924369788,0.021433676470588265,1.0715514018691568
0.29099867233138604,0.021442007434944232,1.0720417910447819
0.29125694513099371,0.021461038062283746,1.0720830670926531
0.28305486988847484,0.029633903345724803,1.0725498281786923
0.25935691562239127,0.056381938178780712,1.0757278688524687
0.22341428070175531,0.091630741854636974,1.0831265432098762
0.19678381349206345,0.11436127380952378,1.0816060606060616
0.16406285714285612,0.14136233602875026,1.0824279999999955
0.13297086979441167,0.16183276401335378,1.3126352201257894
0.081515895273237826,0.190891653487962,1.316199335548178
0.032097089490968733,0.21639650656814399,1.3201726618705103
-0.021730295081967183,0.23903324590163899,1.3187631578947439
-0.084054695304695254,0.25839035964035945,1.0898907563025277
-0.092324583543664268,0.26037607269055879,1.0893867069486378
-0.098689663182345649,0.26074847851335536,1.0897408759124039
-0.19475604761904886,0.28224004761904942,1.0942840236686464
-0.25825904071773703,0.28753536922015255,1.0937410071942477
-0.29740860389610413,0.28488613636363663,1.0963127147766341
-0.36578783505154661,0.28033312714776654,1.0924095563139937
-0.40526233206590717,0.27052038022813757,1.0891130136986322
-0.45351317951235459,0.26256026182294212,1.0847278688524578
-0.45603228915662525,0.25955579269458717,1.0863102310231074
-0.44269842873176229,0.26230141093474441,1.0852268041237103
-0.42956580529822941,0.26602026978709631,1.0845466237942105
-0.43103942249240179,0.26771992907801451,1.0857222222222236
-0.42924647419943723,0.26582251534760332,1.086249169435221
-0.42931946241911495,0.26793672473867658,1.0856121794871811
-0.42482880876312135,0.26771450479233194,1.0859032258064485
-0.42285756106132316,0.26984308908803267,1.08503333333333
-0.41399391849530021,0.26458257948947755,1.088678445229678
-0.3918411006114495,0.25672347971094966,1.0907442748091565
-0.38997458057956186,0.25894312150482907,1.0918417266187022
-0.39000566893423982,0.25688373393801933,1.0918916967509031
-0.39000681570338031,0.25688448927662649,1.0918717948717938
-0.38990213523131639,0.25681553973902704,1.0920073260073253
-0.38979429581019609,0.25674450950698252,1.0912427536231855
-0.4039369119769135,0.26615998075998182,1.0906262295081917
-0.41677694658944531,0.27199091055340974,1.0854874551971285
-0.41581970498637055,0.27064574314574247,1.0888817567567606
-0.41499972235674126,0.27218186279257595,1.0858178913737992
-0.41487495717711448,0.27003083247687498,1.0859196141479115
-0.41493671568627566,0.27214053921568704,1.0862770270270303
-0.44013733333333233,0.28139927868852399,1.0802518518518514
-0.43988950403691113,0.27918045806558062,1.0815865102639206
-0.43953130990415545,0.27895312642629072,1.0824486803519051
-0.43965873125721067,0.27903399571593462,1.0813180327868916
-0.44145319727891152,0.27886670504099076,1.0817326388888935
-0.44177315867523592,0.27906882517713039,1.0817162629757837
-0.44196542758280016,0.27919028175976424,1.0806885245901692
-0.43612882653060858,0.28147321428571198,1.0819405594405516
-0.4080164712153499,0.28612800639658714,1.0830892018779328
-0.35109998049731878,0.29724393629124035,1.0882983050847412
-0.34500016111707937,0.29734248120300838,1.0876284722222269
-0.31634271446406231,0.29767330836454386,1.0903024193548345
-0.27533673202614312,0.30027288888888815,1.1053333333333333
-0.21298675101036652,0.29818145141451308,1.0899016393442593
-0.1816946902654869,0.29382627054361599,1.0882305475504264
-0.12104387969924861,0.28243571929824673,1.0837959183673409
-0.044313954771097508,0.26279205736348527,1.079766853932584
0.0030827292110874346,0.24559076048329898,1.0778972332015864
0.052402754491018125,0.22296858283433202,1.0780669856459368
0.11568574568288825,0.18939701726844538,1.0739501661129536
0.14421670665212671,0.17080985823336992,1.0730413533834546
0.15889714285714338,0.16299771428571483,1.0757567567567647
0.14862833241404697,0.16707874609303208,1.0810519480519523
0.14481710488846705,0.17152096820123403,1.0786501457725941
0.13026988505747145,0.17950574712643705,1.078219584569734
0.13030464148877979,0.1795536398467438,1.0770400000000055
0.11972793650793616,0.20363982363315633,1.0721564245810009
0.11359649122807083,0.20570175438596613,1.0762171052631673
0.099501551631889465,0.22464783306581229,1.0756202090592368
0.08065647150663581,0.24605328649492694,1.0732543554006948
0.072494790764790804,0.25424229437229456,1.0724646464646441
0.035780634920634852,0.2872673832199541,1.0710807453416116
0.029616465005931136,0.28901584816132797,1.0743072100313524
0.0051076306975389642,0.30339326343381445,1.0733692307692324
-0.027612244897959326,0.32009750566893591,1.0726840390879473
-0.027564795918367337,0.32158928571428558,1.0716149068322973
-0.029603284671532833,0.32155291970802902,1.0718199356913183
-0.027599897348161057,0.31995436555460782,1.0741845238095358
-0.046067961165048472,0.32861812297734577,1.0751157270029643
-0.058404236142406966,0.33095733814030615,1.07569306930694
-0.058386642168121755,0.33085763895268999,1.0756832844574868
-0.058387578454332997,0.33291163153786357,1.0755512820512902
-0.058374346076459159,0.3328361837692847,1.0754472843450562
-0.058377979797979929,0.33080855218855293,1.075920382165614
-0.058384730679157358,0.33289539422326569,1.0763544303797525
-0.058388699950568883,0.33291802603394538,1.0758953846153934
-0.077081809194266118,0.33813220299884739,1.0777724358974381
-0.085271098901099102,0.34005703296703377,1.0791401869158876
-0.087391994937509543,0.34031470969783129,1.0797324840764297
-0.07479595551378504,0.33504489661654391,1.0788798798798844
-0.058492156682028021,0.33145555453149211,1.0774110032362532
-0.054348288213244882,0.3312169262807188,1.0749051987767571
-0.058462898312063,0.33128975710169034,1.0777500000000069
-0.08716273770234205,0.3394219550526496,1.0769629629629669
-0.093378906088751518,0.34170522777532147,1.077219354838713
-0.091414155120242535,0.33997848702022787,1.0807207792207776
-0.060348748128182576,0.33242954477388709,1.0739966777408707
-0.06461590062111823,0.33333599526767338,1.0786646341463468
-0.087159969712266916,0.33941117617365119,1.0773036303630392
-0.093308888888889302,0.34144901098901248,1.0767554858934212
-0.089253499768839867,0.33957366004006895,1.0769347079037841
-0.089292480660134232,0.33972196664947624,1.0773939393939422
-0.089244276253548083,0.33953856827499329,1.0771506849315102
-0.089258836363636629,0.33959396363636463,1.0772977346278347
-0.089215845070422919,0.33943039906103434,1.0767056962025365
-0.087148220551378872,0.33936542355889887,1.0771490683229845
-0.089242647352647642,0.33953237096237204,1.0765680272108893
-0.086916620099144068,0.33268085624155141,1.0535000000000012
-0.090950256410256572,0.34481141166525847,1.0496837606837626
-0.090989884332281973,0.3429618717139859,1.0495833333333355
-0.090901687500000147,0.34262943750000052,1.0497327586206915
-0.090971473354232155,0.34289247648902887,1.0492068965517258
-0.091001349948079027,0.34300508826583637,1.0563988603988668
-0.087178385263570857,0.33948288849696412,1.0783859649122829
-0.088205911007025614,0.33558800624512047,1.0694624624624631
-0.090844200385356941,0.34241275529865306,1.0470574712643705
-0.088805635738831476,0.34058425135002401,1.011811475409832
-0.089510338910338383,0.33782934362934169,1.0015205992509379
-0.096313923758182804,0.34130662302657017,0.98181060606061143
-0.096291859735298149,0.34122843498430894,0.98187373737374128
-0.096295243215566012,0.34124042498719998,0.98184010152284684
-0.091495960016659786,0.34383218658892151,1.0175739130434807
-0.090695459236326104,0.34583872917588082,1.0475075075075113
-0.086709643230332881,0.33969777877295121,1.079101983002835
-0.08616887248516493,0.33325551888840893,1.1045129682997026
-0.08624985618408447,0.32689760306807325,1.1193240000000011
-0.086324121779859639,0.32717907884465319,1.1180533807829216
-0.08409375584415614,0.32679472207792326,1.1175425867507902
-0.084183958122256236,0.3271452549814261,1.1184579124579159
-0.084028547533709044,0.32654131763099592,1.1064498269896266
-0.083842000000000305,0.32605222222222346,1.0828423236514504
-0.084353754224270092,0.33436608602150436,1.0524628820960693
-0.085759907834100854,0.33436728110598868,1.0141656441717852
-0.085831769305963229,0.33295180840664862,0.98933746130031319
-0.09436425120772933,0.34101932367149712,0.98131619537275305
-0.09446106358711176,0.34136919019104744,0.98218537859008459
-0.095913307280359086,0.34661739759733734,1.008523943661978
-0.093790839386601099,0.35245610169491148,1.0438835978835952
-0.088460055478502483,0.34875631067961321,1.0718728813559346
-0.090164561403508467,0.34718538011695793,1.1033652173912989
-0.089220870646766162,0.34505902985074616,1.1292159468438554
-0.087010001571585976,0.33151911991199218,1.1585072463768122
-0.0844102040816328,0.31175502040816383,1.1878533333333308
-0.08060360944377773,0.29630340936374633,1.192234657039714
-0.080318241454257755,0.29525438055720105,1.1885914893616998
-0.08018972256728793,0.29478193788819929,1.1888339622641468
-0.080609286754003182,0.29632427947598355,1.1948352941176483
-0.079561517857142744,0.28711330357142817,1.2192033195020728
-0.078758571428571331,0.27280142857142825,1.20273417721519
-0.081472878464818668,0.27654878464818733,1.2097351778656109
-0.079025868725868698,0.27372728442728428,1.204322957198442
-0.079557996121525379,0.27787647920706693,1.211547244094487
-0.078889235880398548,0.27554066445182679,1.1566803652968047
-0.081672779220778785,0.29648337662337504,1.1561529850746213
-0.083804922118379796,0.30801029817534392,1.1233243243243201
-0.084418869633098997,0.31737220608899241,1.1105384615384604
-0.086047049247049215,0.32863752543752534,1.0880956175298784
-0.08836904761904768,0.34230309250136864,1.0539783950617279
-0.090505949008498343,0.34158696883852602,1.0202215909090928
-0.090440160965794616,0.34522857142857083,1.02193767705382
-0.09056607921673307,0.34570922711763696,1.0221699716713828
-0.090533865814696274,0.34558626198082987,1.0217431693989032
-0.090569066558441005,0.34572063041125334,1.022625994694953
-0.090615220935220453,0.34589681109680931,1.0229762532981508
-0.090600259740259176,0.34389130847646759,1.0229385026737914
-0.090624447439352801,0.34398311769990902,1.0230702702702672
-0.090641217091065845,0.34404677024888436,1.0232005988023924
-0.090622138728323365,0.34397435452793701,1.023388235294117
-0.090710387182910857,0.34430931909212398,1.0244058355437733
-0.0908247182175628,0.34474328527741582,1.0261167108753428
-0.090960995280996104,0.34330440154440461,1.0267889182058147
-0.090873530844156669,0.34297429383117189,1.0262026666666779
-0.090870489795919246,0.34296281632653391,1.0265013262599574
-0.091123941723998833,0.34391939295831814,1.0319416445623231
-0.09554236542443105,0.33087829710145072,1.0546925566343071
-0.096018546365914823,0.30422718374884589,1.0611818181818184
-0.10620773638968461,0.30243917314776858,1.0628176100628908
-0.14699199325747911,0.31121753055204199,1.0637750677506701
-0.17109333615938901,0.31485223399745549,1.0632596401028211
-0.16896729670329663,0.31466364835164823,1.0617917737789169
-0.16079893832942979,0.3145186781160545,1.0608641618497103
-0.15670591981473458,0.31442284556375782,1.0610735294117657
-0.1565827557058326,0.3161961453930684,1.0613315217391293
-0.15668326719576697,0.31639911375661334,1.0613368983957194
-0.15248603174603167,0.31608031746031734,1.0611790281329909
-0.14448819767441826,0.31423656976744113,1.0619325513196476
-0.10398266334440733,0.30589074750830508,1.0598155619596541
-0.08371426729807957,0.30157308339910588,1.0579907692307715
-0.089715821635012474,0.3034209248554916,1.0587302052785923
-0.095841017316017518,0.30568240259740326,1.0594517045454548
-0.095886331569665015,0.30380827160493862,1.0598976897689776
-0.097877224257224282,0.30372210826210833,1.0577881040892243
-0.097814161103693967,0.30554320427236364,1.0590265486725674
-0.097822451112106343,0.30556909986565173,1.059059190031153
-0.099937067669172985,0.30586799498746886,1.0595356125356139
-0.10181663175534142,0.30544989526602428,1.0577675070028025
-0.099643398196488139,0.30496918841955462,1.0572546012269939
-0.099764399406821691,0.30735496786950117,1.0578710601719215
-0.099691071428571726,0.30712905844155935,1.0578320209973766
-0.099772215456674598,0.307379047619048,1.0582262569832408
-0.099721782661782929,0.30520909238909322,1.0575521126760594
-0.099634091460947483,0.30695351409685839,1.0568603351955357
-0.10164126984127028,0.30693650793650928,1.0567000000000044
-0.10163325396825419,0.30691230158730226,1.0564916201117374
-0.1017072186147189,0.30713566017316107,1.057235127478757
-0.10170477509563416,0.30712828122939029,1.0569643835616478
-0.10169162722757855,0.30708857727140054,1.0572188365651005
-0.10172721051262064,0.30719603174603261,1.0574817275747561
-0.101735020703934,0.3072196169772265,1.057975806451614
-0.10170548467058094,0.30713042400521967,1.058926208651402
-0.13020414582450177,0.31390301822806244,1.0590434782608695
-0.17237981161695445,0.31955789638932486,1.0593615160349836
-0.17235666666666669,0.31951499025341135,1.058491847826087
-0.16431909966172267,0.31956536559979193,1.0590530503978774
-0.16230055710306415,0.3175445682451255,1.0584277456647389
-0.16020617671346027,0.3173895953757232,1.0583019943019945
-0.16641109730848866,0.31971101725327822,1.0579913793103481
-0.19643082965144892,0.32738471608574821,1.0570718232044258
-0.2339142742742745,0.33029097097097132,1.0520674157303407
-0.2334052751639582,0.32957225548902253,1.0516006006006029
-0.21420572890025744,0.32885104859335296,1.0569973684210552
-0.18245923597294073,0.32157180262634305,1.0585143769968053
-0.15246987184675515,0.31806628895184019,1.0595391304347792
-0.12219998643331971,0.31206442816442803,1.0601259640102831
-0.07965288576632841,0.30147104865990121,1.0572465753424729
-0.067377907927714531,0.29666392296531024,1.0552397660818791
-0.07131673207744689,0.29832492150706658,1.0550583090379075
-0.073352487661731983,0.29843409363745754,1.0555865102639377
-0.073358983516483983,0.29846052197802381,1.0561693811074999
-0.075494009216590011,0.30096945007680553,1.0567904761904789
-0.077505980126468393,0.29895163763066385,1.0573753501400616
-0.077509315068493595,0.30097772994129329,1.0575116279069809
-0.079345294224153512,0.30030687307622655,1.0570101351351413
-0.07972313409636872,0.30173692525081325,1.0601943661971855
-0.072180600600600761,0.37103361361361442,1.3282924187725644
-0.0030152155536771045,0.2763947590870679,1.0551710526315872
0.0090136693044564759,0.27141159794530056,1.051630555555555
0.0090483333333334116,0.27245537037037271,1.0605306122449005
0.077039381787802994,0.31699811194653366,1.0521851851851904
0.088975307456316308,0.2369342456982805,1.0490121457489832
0.089932380952380958,0.23948285714285714,1.3256854304635803
0.061101567865241374,0.25141792678976366,1.3264710144927625
0.00903084548104955,0.27393564625850297,1.3269128065395157
-0.033129945054945181,0.29013800366300474,1.3258252688172121
-0.073615782312925329,0.30152217687074895,1.3299971751412463
-0.15038691036414534,0.31793205882352876,1.3340261437908547
-0.15038691036414534,0.31793205882352876,1.3340261437908547
-0.23712472766884465,0.32793845315904047,1.0604850299401172
-0.23115121212121162,0.32603424242424167,1.0602327044025133
-0.22317276190476149,0.32819523809523748,1.059946874999997
-0.24954828901907755,0.32835301186720733,1.3310000000000006
-0.30999784188034163,0.32817361111111082,1.0605698005697997
-0.31808376623376616,0.32616208410636971,1.0608611987381704
-0.30583341071428466,0.32803913690476083,1.0607209302325575
-0.29172806970106602,0.32806789845275586,1.0603193548387086
-0.28737623376623317,0.32770974025973959,1.3366088328075747
-0.30839070810142416,0.32647224799010705,1.3359258160237477
-0.38042052227342771,0.3201956374808006,1.0620909090909096
-0.42024132806063691,0.31192136760586653,1.0544791666666682
-0.41674135745207497,0.31431336116264935,1.05387854251012
-0.39680616752725434,0.31844950659782184,1.0552857142857204
-0.38670347222222395,0.31840259920635061,1.0550180722891622
-0.39011013320013366,0.31790465867465906,1.326311284046694
-0.41708683509416733,0.31306517838003445,1.3255387453874565
-0.47986288416075634,0.29629787234042543,1.0488982456140346
-0.49021840816326512,0.29253359183673461,1.0473968253968209
-0.48494608115619736,0.2969669816564755,1.0492509225092277
-0.47313277192982511,0.29908392982456178,1.0505934065934082
-0.46473452752976113,0.30413512276785665,1.3180926517571991
-0.46606271717632886,0.30500432679142037,1.319385416666661
-0.43518369963369846,0.31199945054944966,1.3222982456140413
-0.40040406511486265,0.31770095846645274,1.325504792332274
-0.36212489491886019,0.32379412609736524,1.3276163141994035
-0.31111431719795463,0.32722379640561572,1.335881305637991
-0.27072364952381106,0.32909529142857324,1.336000000000009
-0.21570516634050993,0.32606594911937548,1.3350639534883812
-0.17313471708683484,0.31724685154061649,1.3360000000000094
-0.11505594869526767,0.30714935869084498,1.333115869017637
-0.086835373078365377,0.3024266441694794,1.3317349081364884
-0.0090504330230676295,0.2825746310535559,1.3260000000000081
0.056196481754213802,0.2585038160693835,1.326294117647066
0.075004320557491622,0.25378174216027988,1.3260000000000083
0.15436473684210589,0.21317035087719383,1.324473684210536
0.19265092436974862,0.17987848739495865,1.3248344594594639
0.20209570312500064,0.16360128348214337,1.1372191780821916
0.21155487486157293,0.13853085714285743,1.3225841584158482
0.1996596324836992,0.13922212211025511,1.2064542682926864
0.18685970836181395,0.1458153793574849,1.1371104100946381
0.16527499688084837,0.15663316697858179,1.1353610223642128
0.16094146458583436,0.15662088835534216,1.1337793594306005
0.16524522481502604,0.15012474672737658,1.1351054687499966
0.1631868766637089,0.15038790594498661,1.1141050228310525
0.15729959885386915,0.14688240687679172,1.0825000000000007
0.15714193732193663,0.15081407407407338,1.108075892857145
0.16169663054187286,0.16381031198686466,1.114064935064937
0.17525595238095229,0.1795045815295814,1.1161509433962269
0.14979571428571428,0.17954238095238095,1.1157057057057067
0.13926950076804928,0.18392079109062995,1.1159710610932478
0.14127573002754823,0.17951577725304999,1.1160824742268052
0.14135408099688487,0.17748971072541186,1.1159065743944647
0.14136047798742135,0.17537202156334225,1.1136838235294102
0.14058152777777796,0.174405654761905,1.088421686746986
0.13958198757763998,0.17060020703933776,1.0584807692307714
0.13939775328529122,0.16830987989261087,1.04651543209877
0.1436210596026497,0.17668490066225254,1.0720241691842876
0.15812037342596669,0.20152596613113399,1.0857540322580645
0.16638983922829634,0.20772892971979853,1.0838314917127121
0.16833450162673846,0.20964358178053932,1.0837994428969415
0.16816357533177179,0.20943071038251332,1.0812794612794581
0.16435455541508626,0.20468696165191727,1.0545761194029899
0.16328136904761906,0.20335041666666667,0.99234564643799994
0.16328136904761906,0.20335041666666667,0.97995250659630906
0.15692670807453526,0.19496954639563471,0.97337404580151698
0.17053828084588504,0.21436376083979963,0.97199421965317623
0.18187514950166164,0.23329534883720995,1.0018605898123267
0.18760009620009691,0.24092804232804324,1.0057877906976713
0.18760009620009691,0.24092804232804324,1.0057877906976713
0.20206386048733946,0.26849581462016336,0.97227531645569831
0.19929880333951802,0.26482169758812668,0.96615772870662686
0.1993628032345014,0.2649067385444745,0.96814921465968895
0.19784888888889005,0.2653180952380968,0.96740652818991191
0.19784888888889005,0.2653180952380968,0.96740652818991191
0.22623753420908704,0.30317661466885754,0.9613617021276657
0.22438292237443033,0.30497760469667468,0.96146517412936128
0.22632473453749472,0.30512605911330259,0.96113432835821766
0.2265609028687926,0.3054444560943641,0.96272069825436579
0.22489743589743588,0.30384102564102566,0.96263092269326977
0.22317789052069406,0.30399951342530757,0.96822891566265012
0.22382776206728511,0.3030425255972708,0.9755555555555544
0.22382776206728511,0.3030425255972708,0.9755555555555544
0.22392773925104104,0.30133485899214163,1.3414005763688714
0.22608493586908368,0.30423775320654473,1.3374573643410876
0.22655204081632624,0.30486632653061185,1.3391282051282141
0.21350408565793266,0.31320202874049152,1.3375391923990521
0.20161613275613166,0.32583460317460139,1.3395264623955507
0.20222237044817892,0.32681435224089578,1.339682539682546
0.1920876506619244,0.33639715471250725,1.3435558194774275
0.15556602513227452,0.35175757275132141,1.3433582089552176
0.11089605351170616,0.3626600668896337,1.3347098445595957
0.045677859439595667,0.36643793905986743,1.3406929133858283
0.001018165009593578,0.35737591836734584,1.337490813648295
-0.039716883116883012,0.33912107892107796,1.3358907103825228
-0.095974117470331827,0.30004539882830056,1.0596046511627928
-0.11038532019704471,0.28862216748768571,1.05956233421751
-0.12554920014880969,0.2661643043154765,1.3270136986301437
-0.12500056410256444,0.26082794871794945,1.3240609418282641
-0.10838542311191977,0.27633400667273234,1.3283961218836617
-0.10915616597764531,0.27144143928954279,1.3277894736842171
-0.10069604863221841,0.27715388623534404,1.3284601063829871
-0.066095540267098019,0.30365632267637788,1.3347280219780311
-0.029102549249837056,0.31637287410306736,1.3354832402234731
-0.0009348514337615178,0.32813285325029279,1.3378077922077929
0.023296907349896371,0.3326798369565202,1.3397795275590609
0.054730786516853792,0.33673348314606655,1.3404409448818924
0.080329506802721065,0.33516794217687068,1.3381460957178832
0.1183721080139373,0.3312583797909408,1.3386999999999964
0.13844493881763237,0.32731684210526329,1.340653543307089
0.17736548312528908,0.31705228848821104,1.3413835978835975
0.18645148936170247,0.31320176291793372,1.3423295128939781
0.22653722619047645,0.29440667857142888,0.96423856209150183
0.24875658705122516,0.28180174252666473,0.96363081395349215
0.24690534505494585,0.28178416703296788,0.96412269938650541
0.24492477341389829,0.28345226586102834,0.96319822485207496
0.24490762505633268,0.28343242000901425,0.96450301204819044
0.24490762505633268,0.28343242000901425,0.96450301204819044
0.24490762505633268,0.28343242000901425,0.96450301204819044
0.24005588571428574,0.27781748571428572,0.94436363636363674
0.24199915772089223,0.28006644095788652,0.95173754152823886
0.24199915772089223,0.28006644095788652,0.95173754152823886
0.24051642222222311,0.28624197777777882,0.9644419354838738
0.24377667766776637,0.28609262926292578,0.96737249283668236
0.24404098875661384,0.28087736441798955,0.9837499999999999
0.24366050509660719,0.28227839647040909,1.3375304347826102
0.24315478260869625,0.28352765217391374,1.3367292817679612
0.2172228945726766,0.29971260137242722,0.96940143369175658
0.19523693251533755,0.31439562372188162,0.96487254901960517
0.18618200692041612,0.32008630746416367,1.3428196721311447
0.19388423823910236,0.31221734138972818,1.3416452702702677
0.19388423823910236,0.31221734138972818,1.3416452702702677
0.19388423823910236,0.31221734138972818,1.3416452702702677
0.2385374193548388,0.26824537634408613,0.93190175438596667
0.24890752688172035,0.3376091182795698,1.3485254237288145
0.25026738167607576,0.35899777970762931,1.3453653846153846
0.25299893190921208,0.32937596795727608,1.3430683229813656
0.25764630991158699,0.32279825034899978,1.3388943089430985
0.25266165055495937,0.31104561761546795,1.336201680672277
0.23975067385444676,0.28872102425875934,1.3349601139601237
0.22586153354632571,0.26711478168264091,1.3321294765840268
0.21044714725274893,0.24185716923077116,1.331000000000006
0.20125682993197291,0.22865304761904776,1.3306187683284509
0.19492788539144534,0.21600117029862861,1.3299285714285771
0.18192286517982764,0.19454179224432433,1.1021215277777823
0.16906018229166661,0.17956081473214278,1.1021288343558295
0.16879310769230929,0.17298672527472692,1.3012380952380953
0.16851738364779975,0.17270415094339728,1.3210630252100866
0.1685905897435907,0.17487346886446989,1.3228730158730224
0.1539733333333338,0.18749133786848127,1.3189589041095784
0.14587642768631709,0.19625102141972153,1.3228356164383619
0.13352679438058787,0.2029186717752241,1.3200136986301327
0.095562531939605858,0.22157905757425092,1.3232507122507211
0.068237215320911121,0.22780731884058023,1.3252837078651765
0.03050610979275414,0.23668533459895455,1.3234533333333431
0.017909855699855627,0.23914924963924863,1.3228091168091261
-0.020082878464818769,0.23993754797441372,1.3210000000000115
-0.030614179894179878,0.23963513227513214,1.3210000000000115
-0.071042480935434554,0.23433415353329903,1.321512820512831
-0.096556949152542371,0.23025118644067796,1.3197689969604833
-0.12426836940836961,0.21985942279942314,1.3176422287390102
-0.1434108934543723,0.21139827998088953,1.3164613095238047
-0.17334599230996822,0.19036154983732706,1.3178885448916515
-0.1818240830449831,0.18607727797001195,1.3201545189504391
-0.2143337124364306,0.15675152103559847,1.316355263157887
-0.24457645092322569,0.12282223517978583,1.3122386706948574
-0.25133733138306491,0.11443869982122531,1.3119230769230708
-0.27041573585531731,0.084438115148498291,1.3103944636678173
-0.28283310755336599,0.058701211001642002,1.3079808306709215
-0.29369260046025714,0.026699327314568831,1.3051216216216186
-0.30182008230452689,-0.0031995061728395074,1.302554878048771
-0.30850432205010464,-0.037362115127175299,1.2363738317757003
-0.30829867109634662,-0.077874750830565068,1.1232664359861604
-0.30924529100529125,-0.090954497354497427,1.123624505928853
-0.30924529100529125,-0.090954497354497427,1.123624505928853
-0.30924529100529125,-0.090954497354497427,1.123624505928853
-0.30924529100529125,-0.090954497354497427,1.123624505928853
-0.30924529100529125,-0.090954497354497427,1.123624505928853
-0.30924529100529125,-0.090954497354497427,1.123624505928853
-0.30924529100529125,-0.090954497354497427,1.123624505928853
-0.35841951515151438,-0.048705090909090802,1.3123440514469409
-0.35392244955609342,-0.0037518280871670679,1.302893203883486
-0.3396095208700754,0.043861008230452539,1.3047455197132611
-0.31986484420929029,0.094077895355673624,1.3102271293375352
-0.25563103937728954,0.10076742216117221,1.3109999999999951
-0.23093745664739793,0.13515694467382278,1.3131098265895873
-0.21991071428571421,0.14979425465838503,1.3152774566473893
-0.20757609329446122,0.22770468415937867,1.319736263736262
-0.1899324338624343,0.23773000000000055,1.317436464088402
-0.15733974358974412,0.25551974358974444,1.3168944281524921
-0.11717747967479697,0.27089417344173489,1.3193048433048367
-0.061800364050057115,0.28629964570128502,1.3210000000000113
-0.041139999999999996,0.28548666666666661,1.3210672043010872
0.011359339963833677,0.29155639240506437,1.3221424731182905
0.054150289449113265,0.28586315592903977,1.325518950437325
0.080167005649717418,0.23008971751412402,1.3252397660818787
0.10319803822937648,0.22411695171026205,1.3248750000000085
0.15466045207956577,0.25776742013260967,1.32350700280113
0.15008190476190478,0.20465714285714287,1.3243150684931599
0.19610683417085376,0.16705396984924578,1.3235964010282881
0.22657125683060111,0.13759806921675774,1.3249601139601219
0.24528779106356247,0.11488162366268118,1.3237272727272777
0.27160935004177145,0.071258726817042692,1.3206478873239473
0.28400217209690931,0.042342142021721027,1.3190434782608611
0.30052593483709311,-0.011360086883876373,1.3090172413793089
0.30372100952380976,-0.040427028571428603,1.3072586206896553
0.298032498122276,-0.1247817725702263,2.0815932203389784
0.29021540372670762,-0.16008322981366435,2.0822506963788432
0.2820639700374532,-0.17667743178170148,2.0770712250712284
0.25119027355623202,-0.23465099628503983,1.0836203208556221
0.2430543008314438,-0.24512284807256249,1.087174262734578
0.2430543008314438,-0.24512284807256249,1.087174262734578
0.2430543008314438,-0.24512284807256249,1.087174262734578
0.24705076687703212,-0.24291602600879728,2.0587419354838614
0.4664834799802286,-0.46254691052891866,2.060127659574472
0.49522325796505906,-0.42419522096608647,2.0598021978022034
0.50482984126984243,-0.41772194708994809,2.0673333333333348
0.49852132196162291,-0.42304797441364816,2.0591484593837608
0.33397979664463545,-0.26640411794611002,2.0679762532981565
0.33751181034482758,-0.22044129310344826,2.0750446194225827
0.35149716781035534,-0.18638106051154074,2.0796604774535767
0.36238398095238161,-0.14921693333333358,2.0827317073170675
0.36833959977765279,-0.091770617009449329,1.3997081545064332
0.36641130907115832,-0.03903350715191034,1.3080588235294088
0.36390092457420903,-0.0088142092457420863,1.3090185185185184
0.34638998052752662,0.051643597096831237,1.3177421602787553
0.33669947056138927,0.074401755667123468,1.3196619718309792
0.31664903828198149,0.11480104575163474,1.3216040268456453
0.29396373585898644,0.14508939752696756,1.3219384615384593
0.27367252279635412,0.16773477203647513,1.3245843373494051
0.24346849248790597,0.20057766997708315,1.324023872679055
0.23350651176133227,0.21078695926563507,1.3239501385041645
0.1476666042154573,0.26378051522248352,1.3242773109243786
0.070792505175983539,0.23773602484472084,1.3256732954545529
0.034660476190476151,0.24052269841269816,1.3245793871866383
-0.024187283105022762,0.24292445205479379,1.319913043478266
-0.049403613535446145,0.23860894196906968,1.1031693290734792
-0.070427989417989167,0.23651190476190392,1.1037878787878712
-0.070421870869344053,0.23649135739705091,1.1033159420289791
-0.068327016193682644,0.23441422478755736,1.1037761627906908
-0.070482353302611114,0.23459051920122806,1.1061821086261938
-0.06836103343465065,0.23663434650455992,1.1042016806722723
-0.0817751518056892,0.28055167465644143,1.3210000000000119
-0.081741914349632974,0.28043764461489468,1.3212668539325951
-0.079260000000000497,0.28307142857143036,1.3216601123595613
-0.069185334133653631,0.28554674269707953,1.3210000000000119
-0.041530068027210938,0.28567652855081466,1.3210000000000119
-0.0073254258675079301,0.24173905362776171,1.3208476454293727
0.015661693548387097,0.23910185483870969,1.3209386503067577
0.02819188140161729,0.23702063252470834,1.3208062015503925
0.053314389400921772,0.23730130184331849,1.0997455197132697
0.076154146258503572,0.23054885374149711,1.0972691131498553
0.08243830005120352,0.22644444444444514,1.0961045296167289
0.082415540816326766,0.22846839795918433,1.0960460526315843
0.082433375071143983,0.22851783722253841,1.0960993589743646
0.0803684057971015,0.22858027103331469,1.0957926421404713
0.082395290043290076,0.22841225974025983,1.0952243589743615
0.080252051282051373,0.2303338095238098,1.0939589041095918
0.080219908987485961,0.23024155696408308,1.0941071428571452
0.082340994454006639,0.23034632625741097,1.0946358208955251
0.082330921325051903,0.23031814699792999,1.0946863905325477
0.080281196581196673,0.2304174603174606,1.0947635135135152
0.082329627705627864,0.23031452813852857,1.094669966996701
0.080260024067388844,0.23035669245315496,1.0946339285714306
0.082352398523985335,0.23037822878228806,1.0946447761194062
0.082364325529543009,0.23041159420289881,1.0946333333333365
0.082356922812446373,0.23039088533608415,1.0949762611276006
0.082342761194029959,0.23035126865671676,1.0946285714285753
0.080301238738738817,0.23047498391248414,1.0952011494252913
0.082406791624451303,0.23053039175954101,1.0952337278106543
0.082365292517006902,0.23041429931972821,1.0951390532544416
0.080280927960928047,0.23041668934240384,1.0951285266457711
0.080268034188034271,0.2303796825396828,1.0947091988130606
0.082357431352102967,0.23039230795968044,1.0942134502924008
0.082325666216013352,0.23030344599669558,1.093991253644317
0.080236137761377724,0.23028813565278539,1.0939580419580437
0.082319910434393323,0.23028734437975854,1.0943132183908075
0.082323596000677998,0.23029765463480806,1.0940645161290341
0.082335048901715641,0.23032969376302728,1.0943427762039701
0.080359782608695876,0.23064301242236088,1.0961538461538511
0.080369579067121971,0.23067112953031113,1.0958549382716105
0.080400735468564896,0.23076055244873819,1.0959015873015925
0.080342089201878089,0.23059223004694882,1.0960693069306984
0.080376632064590836,0.23069137254902045,1.0959782608695707
